variabile	provincia	anno	proiezione	valore
PR95PERC	Agrigento	2011-2040	RCP45	6.575213277
PR95PERC	Agrigento	2011-2040	RCP85	7.478153185
PR95PERC	Agrigento	2041-2070	RCP45	4.95436279
PR95PERC	Agrigento	2041-2070	RCP85	10.55256185
PR95PERC	Agrigento	2071-2100	RCP45	20.36785994
PR95PERC	Agrigento	2071-2100	RCP85	32.37267473
PR95PERC	Alessandria	2011-2040	RCP45	0.492808472
PR95PERC	Alessandria	2011-2040	RCP85	3.985694044
PR95PERC	Alessandria	2041-2070	RCP45	8.227254669
PR95PERC	Alessandria	2041-2070	RCP85	7.527801673
PR95PERC	Alessandria	2071-2100	RCP45	11.79435621
PR95PERC	Alessandria	2071-2100	RCP85	25.20352212
PR95PERC	Ancona	2011-2040	RCP45	1.886461807
PR95PERC	Ancona	2011-2040	RCP85	4.742282713
PR95PERC	Ancona	2041-2070	RCP45	2.43203926
PR95PERC	Ancona	2041-2070	RCP85	10.16851061
PR95PERC	Ancona	2071-2100	RCP45	14.93661238
PR95PERC	Ancona	2071-2100	RCP85	21.47101223
PR95PERC	Aosta	2011-2040	RCP45	-4.101605886
PR95PERC	Aosta	2011-2040	RCP85	5.919882286
PR95PERC	Aosta	2041-2070	RCP45	7.503065636
PR95PERC	Aosta	2041-2070	RCP85	8.449679119
PR95PERC	Aosta	2071-2100	RCP45	12.85996074
PR95PERC	Aosta	2071-2100	RCP85	16.48414459
PR95PERC	Arezzo	2011-2040	RCP45	5.707646401
PR95PERC	Arezzo	2011-2040	RCP85	10.23387328
PR95PERC	Arezzo	2041-2070	RCP45	12.96568421
PR95PERC	Arezzo	2041-2070	RCP85	12.68591935
PR95PERC	Arezzo	2071-2100	RCP45	12.26629287
PR95PERC	Arezzo	2071-2100	RCP85	20.92979769
PR95PERC	Ascoli Piceno	2011-2040	RCP45	1.611267665
PR95PERC	Ascoli Piceno	2011-2040	RCP85	7.390801851
PR95PERC	Ascoli Piceno	2041-2070	RCP45	9.953511271
PR95PERC	Ascoli Piceno	2041-2070	RCP85	15.95125632
PR95PERC	Ascoli Piceno	2071-2100	RCP45	20.32448253
PR95PERC	Ascoli Piceno	2071-2100	RCP85	15.21538272
PR95PERC	Asti	2011-2040	RCP45	2.580406939
PR95PERC	Asti	2011-2040	RCP85	8.22145693
PR95PERC	Asti	2041-2070	RCP45	11.47517866
PR95PERC	Asti	2041-2070	RCP85	8.775645969
PR95PERC	Asti	2071-2100	RCP45	14.17672038
PR95PERC	Asti	2071-2100	RCP85	24.52475963
PR95PERC	Avellino	2011-2040	RCP45	2.676862533
PR95PERC	Avellino	2011-2040	RCP85	5.265813401
PR95PERC	Avellino	2041-2070	RCP45	7.69220379
PR95PERC	Avellino	2041-2070	RCP85	5.492858663
PR95PERC	Avellino	2071-2100	RCP45	12.37537746
PR95PERC	Avellino	2071-2100	RCP85	14.36790484
PR95PERC	Bari	2011-2040	RCP45	-1.825778504
PR95PERC	Bari	2011-2040	RCP85	10.76703989
PR95PERC	Bari	2041-2070	RCP45	6.438238217
PR95PERC	Bari	2041-2070	RCP85	6.723712542
PR95PERC	Bari	2071-2100	RCP45	9.026748096
PR95PERC	Bari	2071-2100	RCP85	20.75009341
PR95PERC	Barletta-Andria-Trani	2011-2040	RCP45	-4.626997783
PR95PERC	Barletta-Andria-Trani	2011-2040	RCP85	6.769024917
PR95PERC	Barletta-Andria-Trani	2041-2070	RCP45	3.52523898
PR95PERC	Barletta-Andria-Trani	2041-2070	RCP85	4.841897335
PR95PERC	Barletta-Andria-Trani	2071-2100	RCP45	10.78008517
PR95PERC	Barletta-Andria-Trani	2071-2100	RCP85	11.36699478
PR95PERC	Belluno	2011-2040	RCP45	-1.464471319
PR95PERC	Belluno	2011-2040	RCP85	5.448941819
PR95PERC	Belluno	2041-2070	RCP45	6.608888756
PR95PERC	Belluno	2041-2070	RCP85	5.776628422
PR95PERC	Belluno	2071-2100	RCP45	11.33487846
PR95PERC	Belluno	2071-2100	RCP85	27.53929977
PR95PERC	Benevento	2011-2040	RCP45	4.366559174
PR95PERC	Benevento	2011-2040	RCP85	3.2238069
PR95PERC	Benevento	2041-2070	RCP45	10.26020879
PR95PERC	Benevento	2041-2070	RCP85	7.231012913
PR95PERC	Benevento	2071-2100	RCP45	12.26851865
PR95PERC	Benevento	2071-2100	RCP85	18.51128043
PR95PERC	Bergamo	2011-2040	RCP45	-0.26829716
PR95PERC	Bergamo	2011-2040	RCP85	5.276284699
PR95PERC	Bergamo	2041-2070	RCP45	6.606956278
PR95PERC	Bergamo	2041-2070	RCP85	8.752715302
PR95PERC	Bergamo	2071-2100	RCP45	9.268669656
PR95PERC	Bergamo	2071-2100	RCP85	24.8915341
PR95PERC	Biella	2011-2040	RCP45	-0.611120457
PR95PERC	Biella	2011-2040	RCP85	10.15077219
PR95PERC	Biella	2041-2070	RCP45	11.10320893
PR95PERC	Biella	2041-2070	RCP85	13.00439795
PR95PERC	Biella	2071-2100	RCP45	19.0949843
PR95PERC	Biella	2071-2100	RCP85	27.69970668
PR95PERC	Bologna	2011-2040	RCP45	6.550658492
PR95PERC	Bologna	2011-2040	RCP85	8.136482177
PR95PERC	Bologna	2041-2070	RCP45	18.69454194
PR95PERC	Bologna	2041-2070	RCP85	6.745461369
PR95PERC	Bologna	2071-2100	RCP45	13.1224165
PR95PERC	Bologna	2071-2100	RCP85	13.10807812
PR95PERC	Bolzano	2011-2040	RCP45	-2.506826286
PR95PERC	Bolzano	2011-2040	RCP85	3.564377397
PR95PERC	Bolzano	2041-2070	RCP45	4.188664475
PR95PERC	Bolzano	2041-2070	RCP85	4.301903473
PR95PERC	Bolzano	2071-2100	RCP45	5.796301546
PR95PERC	Bolzano	2071-2100	RCP85	14.96968857
PR95PERC	Brescia	2011-2040	RCP45	1.317094441
PR95PERC	Brescia	2011-2040	RCP85	8.761252855
PR95PERC	Brescia	2041-2070	RCP45	10.95613378
PR95PERC	Brescia	2041-2070	RCP85	12.77535727
PR95PERC	Brescia	2071-2100	RCP45	13.68188645
PR95PERC	Brescia	2071-2100	RCP85	28.5083077
PR95PERC	Brindisi	2011-2040	RCP45	-2.41093818
PR95PERC	Brindisi	2011-2040	RCP85	5.399344783
PR95PERC	Brindisi	2041-2070	RCP45	8.053928123
PR95PERC	Brindisi	2041-2070	RCP85	18.13355226
PR95PERC	Brindisi	2071-2100	RCP45	13.31633197
PR95PERC	Brindisi	2071-2100	RCP85	27.7932559
PR95PERC	Cagliari	2011-2040	RCP45	13.33624386
PR95PERC	Cagliari	2011-2040	RCP85	20.09888768
PR95PERC	Cagliari	2041-2070	RCP45	30.60799613
PR95PERC	Cagliari	2041-2070	RCP85	32.99186179
PR95PERC	Cagliari	2071-2100	RCP45	28.32805058
PR95PERC	Cagliari	2071-2100	RCP85	40.63558171
PR95PERC	Caltanissetta	2011-2040	RCP45	17.83288489
PR95PERC	Caltanissetta	2011-2040	RCP85	12.47324022
PR95PERC	Caltanissetta	2041-2070	RCP45	7.32520517
PR95PERC	Caltanissetta	2041-2070	RCP85	10.93249147
PR95PERC	Caltanissetta	2071-2100	RCP45	18.54221055
PR95PERC	Caltanissetta	2071-2100	RCP85	41.07585314
PR95PERC	Campobasso	2011-2040	RCP45	3.961381231
PR95PERC	Campobasso	2011-2040	RCP85	10.47158869
PR95PERC	Campobasso	2041-2070	RCP45	8.529516373
PR95PERC	Campobasso	2041-2070	RCP85	11.81663007
PR95PERC	Campobasso	2071-2100	RCP45	18.13074
PR95PERC	Campobasso	2071-2100	RCP85	15.39016454
PR95PERC	Carbonia-Iglesias	2011-2040	RCP45	9.333791878
PR95PERC	Carbonia-Iglesias	2011-2040	RCP85	13.42199722
PR95PERC	Carbonia-Iglesias	2041-2070	RCP45	21.34250009
PR95PERC	Carbonia-Iglesias	2041-2070	RCP85	21.56129001
PR95PERC	Carbonia-Iglesias	2071-2100	RCP45	22.03166186
PR95PERC	Carbonia-Iglesias	2071-2100	RCP85	26.69216188
PR95PERC	Caserta	2011-2040	RCP45	9.087564111
PR95PERC	Caserta	2011-2040	RCP85	4.555886734
PR95PERC	Caserta	2041-2070	RCP45	15.25245873
PR95PERC	Caserta	2041-2070	RCP85	18.05467758
PR95PERC	Caserta	2071-2100	RCP45	15.10888821
PR95PERC	Caserta	2071-2100	RCP85	33.34325379
PR95PERC	Catania	2011-2040	RCP45	12.09420953
PR95PERC	Catania	2011-2040	RCP85	18.68245626
PR95PERC	Catania	2041-2070	RCP45	11.20017455
PR95PERC	Catania	2041-2070	RCP85	7.047260411
PR95PERC	Catania	2071-2100	RCP45	16.83064878
PR95PERC	Catania	2071-2100	RCP85	43.57158661
PR95PERC	Catanzaro	2011-2040	RCP45	5.410844201
PR95PERC	Catanzaro	2011-2040	RCP85	6.918061902
PR95PERC	Catanzaro	2041-2070	RCP45	-4.573360303
PR95PERC	Catanzaro	2041-2070	RCP85	4.300783331
PR95PERC	Catanzaro	2071-2100	RCP45	18.33923545
PR95PERC	Catanzaro	2071-2100	RCP85	24.92579089
PR95PERC	Chieti	2011-2040	RCP45	1.847672542
PR95PERC	Chieti	2011-2040	RCP85	7.615595723
PR95PERC	Chieti	2041-2070	RCP45	13.48605483
PR95PERC	Chieti	2041-2070	RCP85	10.10842716
PR95PERC	Chieti	2071-2100	RCP45	18.728176
PR95PERC	Chieti	2071-2100	RCP85	20.03468654
PR95PERC	Como	2011-2040	RCP45	0.233188053
PR95PERC	Como	2011-2040	RCP85	2.887921106
PR95PERC	Como	2041-2070	RCP45	4.00311981
PR95PERC	Como	2041-2070	RCP85	8.739847902
PR95PERC	Como	2071-2100	RCP45	7.141915966
PR95PERC	Como	2071-2100	RCP85	20.78154768
PR95PERC	Cosenza	2011-2040	RCP45	-0.150268929
PR95PERC	Cosenza	2011-2040	RCP85	2.819400083
PR95PERC	Cosenza	2041-2070	RCP45	0.140355664
PR95PERC	Cosenza	2041-2070	RCP85	5.612444676
PR95PERC	Cosenza	2071-2100	RCP45	10.0857879
PR95PERC	Cosenza	2071-2100	RCP85	17.07847903
PR95PERC	Cremona	2011-2040	RCP45	3.681301237
PR95PERC	Cremona	2011-2040	RCP85	4.907118865
PR95PERC	Cremona	2041-2070	RCP45	12.52496106
PR95PERC	Cremona	2041-2070	RCP85	12.12687924
PR95PERC	Cremona	2071-2100	RCP45	12.49030546
PR95PERC	Cremona	2071-2100	RCP85	18.55724947
PR95PERC	Crotone	2011-2040	RCP45	5.975505855
PR95PERC	Crotone	2011-2040	RCP85	3.305620252
PR95PERC	Crotone	2041-2070	RCP45	-5.147253245
PR95PERC	Crotone	2041-2070	RCP85	5.698413991
PR95PERC	Crotone	2071-2100	RCP45	20.14367875
PR95PERC	Crotone	2071-2100	RCP85	31.1889068
PR95PERC	Cuneo	2011-2040	RCP45	0.447623119
PR95PERC	Cuneo	2011-2040	RCP85	5.955124844
PR95PERC	Cuneo	2041-2070	RCP45	9.511591209
PR95PERC	Cuneo	2041-2070	RCP85	7.934362098
PR95PERC	Cuneo	2071-2100	RCP45	12.14194892
PR95PERC	Cuneo	2071-2100	RCP85	21.07156007
PR95PERC	Enna	2011-2040	RCP45	15.22301196
PR95PERC	Enna	2011-2040	RCP85	13.56272669
PR95PERC	Enna	2041-2070	RCP45	5.080065553
PR95PERC	Enna	2041-2070	RCP85	7.159570727
PR95PERC	Enna	2071-2100	RCP45	14.60285756
PR95PERC	Enna	2071-2100	RCP85	36.14467545
PR95PERC	Fermo	2011-2040	RCP45	1.739667858
PR95PERC	Fermo	2011-2040	RCP85	3.917907899
PR95PERC	Fermo	2041-2070	RCP45	8.076639204
PR95PERC	Fermo	2041-2070	RCP85	15.10710494
PR95PERC	Fermo	2071-2100	RCP45	22.06985722
PR95PERC	Fermo	2071-2100	RCP85	19.18866145
PR95PERC	Ferrara	2011-2040	RCP45	3.83443019
PR95PERC	Ferrara	2011-2040	RCP85	8.143252108
PR95PERC	Ferrara	2041-2070	RCP45	14.07163434
PR95PERC	Ferrara	2041-2070	RCP85	11.26034946
PR95PERC	Ferrara	2071-2100	RCP45	8.793092818
PR95PERC	Ferrara	2071-2100	RCP85	12.99657078
PR95PERC	Firenze	2011-2040	RCP45	5.350809899
PR95PERC	Firenze	2011-2040	RCP85	5.98565285
PR95PERC	Firenze	2041-2070	RCP45	11.71157318
PR95PERC	Firenze	2041-2070	RCP85	9.893711677
PR95PERC	Firenze	2071-2100	RCP45	9.305296159
PR95PERC	Firenze	2071-2100	RCP85	17.54876476
PR95PERC	Foggia	2011-2040	RCP45	2.663780535
PR95PERC	Foggia	2011-2040	RCP85	9.494868524
PR95PERC	Foggia	2041-2070	RCP45	11.55978439
PR95PERC	Foggia	2041-2070	RCP85	6.38274933
PR95PERC	Foggia	2071-2100	RCP45	19.04388983
PR95PERC	Foggia	2071-2100	RCP85	16.55600588
PR95PERC	Forli'-Cesena	2011-2040	RCP45	1.448631155
PR95PERC	Forli'-Cesena	2011-2040	RCP85	5.741646832
PR95PERC	Forli'-Cesena	2041-2070	RCP45	9.86925378
PR95PERC	Forli'-Cesena	2041-2070	RCP85	4.85948667
PR95PERC	Forli'-Cesena	2071-2100	RCP45	13.6792257
PR95PERC	Forli'-Cesena	2071-2100	RCP85	14.52791453
PR95PERC	Frosinone	2011-2040	RCP45	6.572557793
PR95PERC	Frosinone	2011-2040	RCP85	7.130719193
PR95PERC	Frosinone	2041-2070	RCP45	15.28903127
PR95PERC	Frosinone	2041-2070	RCP85	17.94901858
PR95PERC	Frosinone	2071-2100	RCP45	12.32621049
PR95PERC	Frosinone	2071-2100	RCP85	31.11328054
PR95PERC	Genova	2011-2040	RCP45	0.016589423
PR95PERC	Genova	2011-2040	RCP85	6.785267959
PR95PERC	Genova	2041-2070	RCP45	8.887165994
PR95PERC	Genova	2041-2070	RCP85	14.2509575
PR95PERC	Genova	2071-2100	RCP45	11.83973875
PR95PERC	Genova	2071-2100	RCP85	27.1388489
PR95PERC	Gorizia	2011-2040	RCP45	6.218683921
PR95PERC	Gorizia	2011-2040	RCP85	8.121860688
PR95PERC	Gorizia	2041-2070	RCP45	10.96635472
PR95PERC	Gorizia	2041-2070	RCP85	17.0533655
PR95PERC	Gorizia	2071-2100	RCP45	14.40161916
PR95PERC	Gorizia	2071-2100	RCP85	26.6304358
PR95PERC	Grosseto	2011-2040	RCP45	10.913625
PR95PERC	Grosseto	2011-2040	RCP85	12.9416598
PR95PERC	Grosseto	2041-2070	RCP45	23.30538529
PR95PERC	Grosseto	2041-2070	RCP85	23.47706363
PR95PERC	Grosseto	2071-2100	RCP45	18.57523847
PR95PERC	Grosseto	2071-2100	RCP85	32.86231678
PR95PERC	Imperia	2011-2040	RCP45	-0.776333573
PR95PERC	Imperia	2011-2040	RCP85	4.616817646
PR95PERC	Imperia	2041-2070	RCP45	8.073916073
PR95PERC	Imperia	2041-2070	RCP85	10.09528236
PR95PERC	Imperia	2071-2100	RCP45	10.8522498
PR95PERC	Imperia	2071-2100	RCP85	28.57114232
PR95PERC	Isernia	2011-2040	RCP45	6.247242474
PR95PERC	Isernia	2011-2040	RCP85	6.648644366
PR95PERC	Isernia	2041-2070	RCP45	9.176078216
PR95PERC	Isernia	2041-2070	RCP85	12.09011671
PR95PERC	Isernia	2071-2100	RCP45	13.03048019
PR95PERC	Isernia	2071-2100	RCP85	21.67456352
PR95PERC	L'Aquila	2011-2040	RCP45	5.331517452
PR95PERC	L'Aquila	2011-2040	RCP85	6.772882665
PR95PERC	L'Aquila	2041-2070	RCP45	7.883794145
PR95PERC	L'Aquila	2041-2070	RCP85	11.32905261
PR95PERC	L'Aquila	2071-2100	RCP45	11.29713166
PR95PERC	L'Aquila	2071-2100	RCP85	21.43531053
PR95PERC	La Spezia	2011-2040	RCP45	-0.641490253
PR95PERC	La Spezia	2011-2040	RCP85	5.964927052
PR95PERC	La Spezia	2041-2070	RCP45	8.473533124
PR95PERC	La Spezia	2041-2070	RCP85	14.54669271
PR95PERC	La Spezia	2071-2100	RCP45	10.75442534
PR95PERC	La Spezia	2071-2100	RCP85	26.53096195
PR95PERC	Latina	2011-2040	RCP45	7.388008863
PR95PERC	Latina	2011-2040	RCP85	8.098014092
PR95PERC	Latina	2041-2070	RCP45	18.12211133
PR95PERC	Latina	2041-2070	RCP85	19.96697084
PR95PERC	Latina	2071-2100	RCP45	17.42183948
PR95PERC	Latina	2071-2100	RCP85	36.25383745
PR95PERC	Lecce	2011-2040	RCP45	0.066392568
PR95PERC	Lecce	2011-2040	RCP85	0.490810425
PR95PERC	Lecce	2041-2070	RCP45	8.390809647
PR95PERC	Lecce	2041-2070	RCP85	16.81021041
PR95PERC	Lecce	2071-2100	RCP45	6.154838745
PR95PERC	Lecce	2071-2100	RCP85	36.50072959
PR95PERC	Lecco	2011-2040	RCP45	2.403414417
PR95PERC	Lecco	2011-2040	RCP85	4.806464684
PR95PERC	Lecco	2041-2070	RCP45	3.944931665
PR95PERC	Lecco	2041-2070	RCP85	10.53212878
PR95PERC	Lecco	2071-2100	RCP45	9.080090636
PR95PERC	Lecco	2071-2100	RCP85	22.25041745
PR95PERC	Livorno	2011-2040	RCP45	8.91948134
PR95PERC	Livorno	2011-2040	RCP85	10.29406625
PR95PERC	Livorno	2041-2070	RCP45	21.82630902
PR95PERC	Livorno	2041-2070	RCP85	15.2944361
PR95PERC	Livorno	2071-2100	RCP45	14.78171733
PR95PERC	Livorno	2071-2100	RCP85	28.58021307
PR95PERC	Lodi	2011-2040	RCP45	2.386968487
PR95PERC	Lodi	2011-2040	RCP85	5.59321217
PR95PERC	Lodi	2041-2070	RCP45	13.3371986
PR95PERC	Lodi	2041-2070	RCP85	8.816732497
PR95PERC	Lodi	2071-2100	RCP45	11.01337963
PR95PERC	Lodi	2071-2100	RCP85	16.71634954
PR95PERC	Lucca	2011-2040	RCP45	2.699688141
PR95PERC	Lucca	2011-2040	RCP85	9.463309042
PR95PERC	Lucca	2041-2070	RCP45	10.04023263
PR95PERC	Lucca	2041-2070	RCP85	16.01021256
PR95PERC	Lucca	2071-2100	RCP45	10.9986407
PR95PERC	Lucca	2071-2100	RCP85	25.36763061
PR95PERC	Macerata	2011-2040	RCP45	1.021139276
PR95PERC	Macerata	2011-2040	RCP85	5.285861495
PR95PERC	Macerata	2041-2070	RCP45	4.678532401
PR95PERC	Macerata	2041-2070	RCP85	10.58842836
PR95PERC	Macerata	2071-2100	RCP45	14.12871441
PR95PERC	Macerata	2071-2100	RCP85	14.89156536
PR95PERC	Mantova	2011-2040	RCP45	4.170582145
PR95PERC	Mantova	2011-2040	RCP85	7.119766166
PR95PERC	Mantova	2041-2070	RCP45	13.23722471
PR95PERC	Mantova	2041-2070	RCP85	13.22047568
PR95PERC	Mantova	2071-2100	RCP45	13.98598581
PR95PERC	Mantova	2071-2100	RCP85	16.29560996
PR95PERC	Massa Carrara	2011-2040	RCP45	-2.64643944
PR95PERC	Massa Carrara	2011-2040	RCP85	7.833117857
PR95PERC	Massa Carrara	2041-2070	RCP45	7.692814089
PR95PERC	Massa Carrara	2041-2070	RCP85	13.58655518
PR95PERC	Massa Carrara	2071-2100	RCP45	9.133729846
PR95PERC	Massa Carrara	2071-2100	RCP85	25.77188
PR95PERC	Matera	2011-2040	RCP45	5.166474043
PR95PERC	Matera	2011-2040	RCP85	13.43192032
PR95PERC	Matera	2041-2070	RCP45	6.408373085
PR95PERC	Matera	2041-2070	RCP85	1.910846746
PR95PERC	Matera	2071-2100	RCP45	24.14428351
PR95PERC	Matera	2071-2100	RCP85	20.03712833
PR95PERC	Medio Campidano	2011-2040	RCP45	15.76905241
PR95PERC	Medio Campidano	2011-2040	RCP85	20.30911083
PR95PERC	Medio Campidano	2041-2070	RCP45	27.01592496
PR95PERC	Medio Campidano	2041-2070	RCP85	25.74081099
PR95PERC	Medio Campidano	2071-2100	RCP45	26.92007709
PR95PERC	Medio Campidano	2071-2100	RCP85	35.1812499
PR95PERC	Messina	2011-2040	RCP45	6.23617267
PR95PERC	Messina	2011-2040	RCP85	7.99753453
PR95PERC	Messina	2041-2070	RCP45	8.015848872
PR95PERC	Messina	2041-2070	RCP85	2.256932617
PR95PERC	Messina	2071-2100	RCP45	9.435277409
PR95PERC	Messina	2071-2100	RCP85	25.47430745
PR95PERC	Milano	2011-2040	RCP45	3.953188279
PR95PERC	Milano	2011-2040	RCP85	7.496299149
PR95PERC	Milano	2041-2070	RCP45	7.742386681
PR95PERC	Milano	2041-2070	RCP85	13.15385491
PR95PERC	Milano	2071-2100	RCP45	11.98170792
PR95PERC	Milano	2071-2100	RCP85	22.96633294
PR95PERC	Modena	2011-2040	RCP45	4.928312294
PR95PERC	Modena	2011-2040	RCP85	7.473776708
PR95PERC	Modena	2041-2070	RCP45	18.19266017
PR95PERC	Modena	2041-2070	RCP85	5.191370269
PR95PERC	Modena	2071-2100	RCP45	11.44757377
PR95PERC	Modena	2071-2100	RCP85	10.89153982
PR95PERC	Monza e della Brianza	2011-2040	RCP45	2.503501739
PR95PERC	Monza e della Brianza	2011-2040	RCP85	3.419822578
PR95PERC	Monza e della Brianza	2041-2070	RCP45	4.170507672
PR95PERC	Monza e della Brianza	2041-2070	RCP85	8.479455709
PR95PERC	Monza e della Brianza	2071-2100	RCP45	9.035696277
PR95PERC	Monza e della Brianza	2071-2100	RCP85	22.12177243
PR95PERC	Napoli	2011-2040	RCP45	8.647766243
PR95PERC	Napoli	2011-2040	RCP85	3.114682638
PR95PERC	Napoli	2041-2070	RCP45	10.3039939
PR95PERC	Napoli	2041-2070	RCP85	11.46261872
PR95PERC	Napoli	2071-2100	RCP45	18.55051969
PR95PERC	Napoli	2071-2100	RCP85	24.93275524
PR95PERC	Novara	2011-2040	RCP45	0.570859361
PR95PERC	Novara	2011-2040	RCP85	7.200762354
PR95PERC	Novara	2041-2070	RCP45	7.969593023
PR95PERC	Novara	2041-2070	RCP85	9.485003065
PR95PERC	Novara	2071-2100	RCP45	11.05383094
PR95PERC	Novara	2071-2100	RCP85	22.52589757
PR95PERC	Nuoro	2011-2040	RCP45	12.26501566
PR95PERC	Nuoro	2011-2040	RCP85	17.69694299
PR95PERC	Nuoro	2041-2070	RCP45	20.41527358
PR95PERC	Nuoro	2041-2070	RCP85	29.04096756
PR95PERC	Nuoro	2071-2100	RCP45	30.50095593
PR95PERC	Nuoro	2071-2100	RCP85	33.67275877
PR95PERC	Ogliastra	2011-2040	RCP45	20.93980741
PR95PERC	Ogliastra	2011-2040	RCP85	26.09598647
PR95PERC	Ogliastra	2041-2070	RCP45	35.02619867
PR95PERC	Ogliastra	2041-2070	RCP85	41.05758929
PR95PERC	Ogliastra	2071-2100	RCP45	34.6881096
PR95PERC	Ogliastra	2071-2100	RCP85	52.08544805
PR95PERC	Olbia-Tempio	2011-2040	RCP45	12.63862668
PR95PERC	Olbia-Tempio	2011-2040	RCP85	17.5855361
PR95PERC	Olbia-Tempio	2041-2070	RCP45	17.35707772
PR95PERC	Olbia-Tempio	2041-2070	RCP85	23.08344673
PR95PERC	Olbia-Tempio	2071-2100	RCP45	27.73213723
PR95PERC	Olbia-Tempio	2071-2100	RCP85	29.20028505
PR95PERC	Oristano	2011-2040	RCP45	9.466313001
PR95PERC	Oristano	2011-2040	RCP85	14.16750303
PR95PERC	Oristano	2041-2070	RCP45	17.86298011
PR95PERC	Oristano	2041-2070	RCP85	21.90761975
PR95PERC	Oristano	2071-2100	RCP45	17.06110983
PR95PERC	Oristano	2071-2100	RCP85	28.29409572
PR95PERC	Padova	2011-2040	RCP45	9.182077382
PR95PERC	Padova	2011-2040	RCP85	11.41904682
PR95PERC	Padova	2041-2070	RCP45	14.83882127
PR95PERC	Padova	2041-2070	RCP85	18.29132884
PR95PERC	Padova	2071-2100	RCP45	15.30957551
PR95PERC	Padova	2071-2100	RCP85	22.72691343
PR95PERC	Palermo	2011-2040	RCP45	8.388028194
PR95PERC	Palermo	2011-2040	RCP85	5.028735489
PR95PERC	Palermo	2041-2070	RCP45	10.61341828
PR95PERC	Palermo	2041-2070	RCP85	10.00792525
PR95PERC	Palermo	2071-2100	RCP45	14.77926071
PR95PERC	Palermo	2071-2100	RCP85	25.57940443
PR95PERC	Parma	2011-2040	RCP45	-0.337369977
PR95PERC	Parma	2011-2040	RCP85	1.895198493
PR95PERC	Parma	2041-2070	RCP45	13.90797395
PR95PERC	Parma	2041-2070	RCP85	6.345420836
PR95PERC	Parma	2071-2100	RCP45	8.660832389
PR95PERC	Parma	2071-2100	RCP85	10.07479691
PR95PERC	Pavia	2011-2040	RCP45	-0.759205704
PR95PERC	Pavia	2011-2040	RCP85	5.043033562
PR95PERC	Pavia	2041-2070	RCP45	13.41065595
PR95PERC	Pavia	2041-2070	RCP85	8.96897793
PR95PERC	Pavia	2071-2100	RCP45	10.68416544
PR95PERC	Pavia	2071-2100	RCP85	19.33649914
PR95PERC	Perugia	2011-2040	RCP45	3.13100159
PR95PERC	Perugia	2011-2040	RCP85	6.950972619
PR95PERC	Perugia	2041-2070	RCP45	11.22858475
PR95PERC	Perugia	2041-2070	RCP85	11.59250716
PR95PERC	Perugia	2071-2100	RCP45	9.112529977
PR95PERC	Perugia	2071-2100	RCP85	21.83418728
PR95PERC	Pesaro e Urbino	2011-2040	RCP45	2.303216307
PR95PERC	Pesaro e Urbino	2011-2040	RCP85	6.188266848
PR95PERC	Pesaro e Urbino	2041-2070	RCP45	6.607885922
PR95PERC	Pesaro e Urbino	2041-2070	RCP85	10.18239622
PR95PERC	Pesaro e Urbino	2071-2100	RCP45	15.01216008
PR95PERC	Pesaro e Urbino	2071-2100	RCP85	20.63560788
PR95PERC	Pescara	2011-2040	RCP45	0.500034042
PR95PERC	Pescara	2011-2040	RCP85	3.457829432
PR95PERC	Pescara	2041-2070	RCP45	7.815115065
PR95PERC	Pescara	2041-2070	RCP85	5.103016694
PR95PERC	Pescara	2071-2100	RCP45	16.1470788
PR95PERC	Pescara	2071-2100	RCP85	18.7838062
PR95PERC	Piacenza	2011-2040	RCP45	-0.951603431
PR95PERC	Piacenza	2011-2040	RCP85	4.863745955
PR95PERC	Piacenza	2041-2070	RCP45	16.39938546
PR95PERC	Piacenza	2041-2070	RCP85	6.917217287
PR95PERC	Piacenza	2071-2100	RCP45	8.254019017
PR95PERC	Piacenza	2071-2100	RCP85	11.53350836
PR95PERC	Pisa	2011-2040	RCP45	10.71677313
PR95PERC	Pisa	2011-2040	RCP85	12.23862229
PR95PERC	Pisa	2041-2070	RCP45	19.55528689
PR95PERC	Pisa	2041-2070	RCP85	15.20980182
PR95PERC	Pisa	2071-2100	RCP45	13.15441903
PR95PERC	Pisa	2071-2100	RCP85	24.53837674
PR95PERC	Pistoia	2011-2040	RCP45	0.531039618
PR95PERC	Pistoia	2011-2040	RCP85	6.176810767
PR95PERC	Pistoia	2041-2070	RCP45	8.925798738
PR95PERC	Pistoia	2041-2070	RCP85	12.67299663
PR95PERC	Pistoia	2071-2100	RCP45	8.330760338
PR95PERC	Pistoia	2071-2100	RCP85	19.35532832
PR95PERC	Pordenone	2011-2040	RCP45	1.60664318
PR95PERC	Pordenone	2011-2040	RCP85	6.45272416
PR95PERC	Pordenone	2041-2070	RCP45	9.702434556
PR95PERC	Pordenone	2041-2070	RCP85	10.97039105
PR95PERC	Pordenone	2071-2100	RCP45	12.77404872
PR95PERC	Pordenone	2071-2100	RCP85	35.43159057
PR95PERC	Potenza	2011-2040	RCP45	-0.637103285
PR95PERC	Potenza	2011-2040	RCP85	5.133616196
PR95PERC	Potenza	2041-2070	RCP45	2.303357171
PR95PERC	Potenza	2041-2070	RCP85	2.472191579
PR95PERC	Potenza	2071-2100	RCP45	9.714991318
PR95PERC	Potenza	2071-2100	RCP85	13.5939803
PR95PERC	Prato	2011-2040	RCP45	1.790098486
PR95PERC	Prato	2011-2040	RCP85	4.704001723
PR95PERC	Prato	2041-2070	RCP45	9.095649697
PR95PERC	Prato	2041-2070	RCP85	13.67164467
PR95PERC	Prato	2071-2100	RCP45	9.390923496
PR95PERC	Prato	2071-2100	RCP85	16.08629897
PR95PERC	Ragusa	2011-2040	RCP45	7.210464114
PR95PERC	Ragusa	2011-2040	RCP85	10.22187551
PR95PERC	Ragusa	2041-2070	RCP45	3.34043395
PR95PERC	Ragusa	2041-2070	RCP85	4.573110726
PR95PERC	Ragusa	2071-2100	RCP45	13.90056588
PR95PERC	Ragusa	2071-2100	RCP85	38.616839
PR95PERC	Ravenna	2011-2040	RCP45	5.836453684
PR95PERC	Ravenna	2011-2040	RCP85	9.27758062
PR95PERC	Ravenna	2041-2070	RCP45	17.45647104
PR95PERC	Ravenna	2041-2070	RCP85	12.83383267
PR95PERC	Ravenna	2071-2100	RCP45	17.2089355
PR95PERC	Ravenna	2071-2100	RCP85	17.90886275
PR95PERC	Reggio di Calabria	2011-2040	RCP45	5.709046237
PR95PERC	Reggio di Calabria	2011-2040	RCP85	11.82189376
PR95PERC	Reggio di Calabria	2041-2070	RCP45	-1.383442062
PR95PERC	Reggio di Calabria	2041-2070	RCP85	8.363785896
PR95PERC	Reggio di Calabria	2071-2100	RCP45	15.61393383
PR95PERC	Reggio di Calabria	2071-2100	RCP85	34.76781455
PR95PERC	Reggio nell'Emilia	2011-2040	RCP45	0.635182542
PR95PERC	Reggio nell'Emilia	2011-2040	RCP85	2.546288358
PR95PERC	Reggio nell'Emilia	2041-2070	RCP45	13.44986143
PR95PERC	Reggio nell'Emilia	2041-2070	RCP85	1.266336683
PR95PERC	Reggio nell'Emilia	2071-2100	RCP45	6.501654335
PR95PERC	Reggio nell'Emilia	2071-2100	RCP85	5.050384391
PR95PERC	Rieti	2011-2040	RCP45	4.067899093
PR95PERC	Rieti	2011-2040	RCP85	6.058809169
PR95PERC	Rieti	2041-2070	RCP45	13.64017356
PR95PERC	Rieti	2041-2070	RCP85	15.66850747
PR95PERC	Rieti	2071-2100	RCP45	8.004464351
PR95PERC	Rieti	2071-2100	RCP85	26.26225626
PR95PERC	Rimini	2011-2040	RCP45	2.633689808
PR95PERC	Rimini	2011-2040	RCP85	4.84551268
PR95PERC	Rimini	2041-2070	RCP45	10.33767609
PR95PERC	Rimini	2041-2070	RCP85	11.15408846
PR95PERC	Rimini	2071-2100	RCP45	17.77520424
PR95PERC	Rimini	2071-2100	RCP85	22.24075823
PR95PERC	Roma	2011-2040	RCP45	9.268086813
PR95PERC	Roma	2011-2040	RCP85	8.921122441
PR95PERC	Roma	2041-2070	RCP45	20.40239222
PR95PERC	Roma	2041-2070	RCP85	21.59464285
PR95PERC	Roma	2071-2100	RCP45	17.45421725
PR95PERC	Roma	2071-2100	RCP85	35.87920653
PR95PERC	Rovigo	2011-2040	RCP45	5.340581617
PR95PERC	Rovigo	2011-2040	RCP85	5.650506077
PR95PERC	Rovigo	2041-2070	RCP45	12.80135243
PR95PERC	Rovigo	2041-2070	RCP85	11.97358047
PR95PERC	Rovigo	2071-2100	RCP45	9.944465383
PR95PERC	Rovigo	2071-2100	RCP85	12.95812791
PR95PERC	Salerno	2011-2040	RCP45	7.294087401
PR95PERC	Salerno	2011-2040	RCP85	6.778653555
PR95PERC	Salerno	2041-2070	RCP45	10.20294665
PR95PERC	Salerno	2041-2070	RCP85	14.40452899
PR95PERC	Salerno	2071-2100	RCP45	13.3676202
PR95PERC	Salerno	2071-2100	RCP85	25.86107928
PR95PERC	Sassari	2011-2040	RCP45	4.745204697
PR95PERC	Sassari	2011-2040	RCP85	10.73085234
PR95PERC	Sassari	2041-2070	RCP45	8.509503001
PR95PERC	Sassari	2041-2070	RCP85	19.23186075
PR95PERC	Sassari	2071-2100	RCP45	10.07674113
PR95PERC	Sassari	2071-2100	RCP85	17.80907647
PR95PERC	Savona	2011-2040	RCP45	2.538277316
PR95PERC	Savona	2011-2040	RCP85	10.82160075
PR95PERC	Savona	2041-2070	RCP45	10.17233134
PR95PERC	Savona	2041-2070	RCP85	6.535828673
PR95PERC	Savona	2071-2100	RCP45	12.49093917
PR95PERC	Savona	2071-2100	RCP85	30.03697033
PR95PERC	Siena	2011-2040	RCP45	8.628853058
PR95PERC	Siena	2011-2040	RCP85	13.24279651
PR95PERC	Siena	2041-2070	RCP45	20.29298857
PR95PERC	Siena	2041-2070	RCP85	14.11156961
PR95PERC	Siena	2071-2100	RCP45	17.63148531
PR95PERC	Siena	2071-2100	RCP85	26.67267218
PR95PERC	Siracusa	2011-2040	RCP45	9.810966408
PR95PERC	Siracusa	2011-2040	RCP85	13.91642395
PR95PERC	Siracusa	2041-2070	RCP45	7.536162721
PR95PERC	Siracusa	2041-2070	RCP85	6.581721808
PR95PERC	Siracusa	2071-2100	RCP45	11.42152112
PR95PERC	Siracusa	2071-2100	RCP85	38.31755616
PR95PERC	Sondrio	2011-2040	RCP45	-3.758917869
PR95PERC	Sondrio	2011-2040	RCP85	5.77189659
PR95PERC	Sondrio	2041-2070	RCP45	5.284297152
PR95PERC	Sondrio	2041-2070	RCP85	6.402764677
PR95PERC	Sondrio	2071-2100	RCP45	8.745108065
PR95PERC	Sondrio	2071-2100	RCP85	22.59617491
PR95PERC	Taranto	2011-2040	RCP45	3.91650345
PR95PERC	Taranto	2011-2040	RCP85	9.088129895
PR95PERC	Taranto	2041-2070	RCP45	12.16248637
PR95PERC	Taranto	2041-2070	RCP85	15.23979629
PR95PERC	Taranto	2071-2100	RCP45	23.06148658
PR95PERC	Taranto	2071-2100	RCP85	32.5851007
PR95PERC	Teramo	2011-2040	RCP45	1.513171676
PR95PERC	Teramo	2011-2040	RCP85	5.102694015
PR95PERC	Teramo	2041-2070	RCP45	9.559484101
PR95PERC	Teramo	2041-2070	RCP85	10.97601292
PR95PERC	Teramo	2071-2100	RCP45	17.38248347
PR95PERC	Teramo	2071-2100	RCP85	17.80714652
PR95PERC	Terni	2011-2040	RCP45	6.323603395
PR95PERC	Terni	2011-2040	RCP85	9.711544729
PR95PERC	Terni	2041-2070	RCP45	17.81707029
PR95PERC	Terni	2041-2070	RCP85	16.37782359
PR95PERC	Terni	2071-2100	RCP45	10.73027395
PR95PERC	Terni	2071-2100	RCP85	26.80290116
PR95PERC	Torino	2011-2040	RCP45	-0.3778161
PR95PERC	Torino	2011-2040	RCP85	8.662315069
PR95PERC	Torino	2041-2070	RCP45	8.861919846
PR95PERC	Torino	2041-2070	RCP85	12.79256468
PR95PERC	Torino	2071-2100	RCP45	16.51550275
PR95PERC	Torino	2071-2100	RCP85	22.88513453
PR95PERC	Trapani	2011-2040	RCP45	9.468009498
PR95PERC	Trapani	2011-2040	RCP85	4.856174489
PR95PERC	Trapani	2041-2070	RCP45	16.97209868
PR95PERC	Trapani	2041-2070	RCP85	13.95278303
PR95PERC	Trapani	2071-2100	RCP45	21.20395745
PR95PERC	Trapani	2071-2100	RCP85	28.0016539
PR95PERC	Trento	2011-2040	RCP45	-2.914536432
PR95PERC	Trento	2011-2040	RCP85	7.894140923
PR95PERC	Trento	2041-2070	RCP45	7.667842018
PR95PERC	Trento	2041-2070	RCP85	7.428337419
PR95PERC	Trento	2071-2100	RCP45	10.16955402
PR95PERC	Trento	2071-2100	RCP85	25.51902176
PR95PERC	Treviso	2011-2040	RCP45	6.770035287
PR95PERC	Treviso	2011-2040	RCP85	13.00783255
PR95PERC	Treviso	2041-2070	RCP45	15.23793451
PR95PERC	Treviso	2041-2070	RCP85	20.27215605
PR95PERC	Treviso	2071-2100	RCP45	19.15637373
PR95PERC	Treviso	2071-2100	RCP85	36.41884548
PR95PERC	Trieste	2011-2040	RCP45	5.860874686
PR95PERC	Trieste	2011-2040	RCP85	11.11653625
PR95PERC	Trieste	2041-2070	RCP45	14.4028716
PR95PERC	Trieste	2041-2070	RCP85	13.6334972
PR95PERC	Trieste	2071-2100	RCP45	12.24213078
PR95PERC	Trieste	2071-2100	RCP85	28.92306033
PR95PERC	Udine	2011-2040	RCP45	1.78862732
PR95PERC	Udine	2011-2040	RCP85	5.99677168
PR95PERC	Udine	2041-2070	RCP45	10.38113516
PR95PERC	Udine	2041-2070	RCP85	10.74561345
PR95PERC	Udine	2071-2100	RCP45	14.9277349
PR95PERC	Udine	2071-2100	RCP85	29.52482
PR95PERC	Varese	2011-2040	RCP45	1.576855928
PR95PERC	Varese	2011-2040	RCP85	5.806469599
PR95PERC	Varese	2041-2070	RCP45	4.449381135
PR95PERC	Varese	2041-2070	RCP85	9.668552581
PR95PERC	Varese	2071-2100	RCP45	7.895940044
PR95PERC	Varese	2071-2100	RCP85	24.22630161
PR95PERC	Venezia	2011-2040	RCP45	5.829153529
PR95PERC	Venezia	2011-2040	RCP85	9.868953971
PR95PERC	Venezia	2041-2070	RCP45	12.58953211
PR95PERC	Venezia	2041-2070	RCP85	19.90280391
PR95PERC	Venezia	2071-2100	RCP45	17.4984289
PR95PERC	Venezia	2071-2100	RCP85	27.99297209
PR95PERC	Verbano-Cusio-Ossola	2011-2040	RCP45	-1.513774755
PR95PERC	Verbano-Cusio-Ossola	2011-2040	RCP85	9.353446909
PR95PERC	Verbano-Cusio-Ossola	2041-2070	RCP45	8.317517495
PR95PERC	Verbano-Cusio-Ossola	2041-2070	RCP85	4.999795996
PR95PERC	Verbano-Cusio-Ossola	2071-2100	RCP45	16.09550669
PR95PERC	Verbano-Cusio-Ossola	2071-2100	RCP85	21.8893519
PR95PERC	Vercelli	2011-2040	RCP45	-1.346515981
PR95PERC	Vercelli	2011-2040	RCP85	8.806966048
PR95PERC	Vercelli	2041-2070	RCP45	8.297961245
PR95PERC	Vercelli	2041-2070	RCP85	10.14180685
PR95PERC	Vercelli	2071-2100	RCP45	16.41104272
PR95PERC	Vercelli	2071-2100	RCP85	23.43935269
PR95PERC	Verona	2011-2040	RCP45	5.271959398
PR95PERC	Verona	2011-2040	RCP85	10.111431
PR95PERC	Verona	2041-2070	RCP45	14.78357921
PR95PERC	Verona	2041-2070	RCP85	15.52211874
PR95PERC	Verona	2071-2100	RCP45	15.7117904
PR95PERC	Verona	2071-2100	RCP85	25.23975369
PR95PERC	Vibo Valentia	2011-2040	RCP45	-0.590842888
PR95PERC	Vibo Valentia	2011-2040	RCP85	7.123461409
PR95PERC	Vibo Valentia	2041-2070	RCP45	1.490558152
PR95PERC	Vibo Valentia	2041-2070	RCP85	1.776646553
PR95PERC	Vibo Valentia	2071-2100	RCP45	8.538395513
PR95PERC	Vibo Valentia	2071-2100	RCP85	14.93021647
PR95PERC	Vicenza	2011-2040	RCP45	3.62057681
PR95PERC	Vicenza	2011-2040	RCP85	9.532776174
PR95PERC	Vicenza	2041-2070	RCP45	13.64673271
PR95PERC	Vicenza	2041-2070	RCP85	14.75668404
PR95PERC	Vicenza	2071-2100	RCP45	15.50593136
PR95PERC	Vicenza	2071-2100	RCP85	32.07906416
PR95PERC	Viterbo	2011-2040	RCP45	8.09947736
PR95PERC	Viterbo	2011-2040	RCP85	12.3315276
PR95PERC	Viterbo	2041-2070	RCP45	22.48724701
PR95PERC	Viterbo	2041-2070	RCP85	23.60990446
PR95PERC	Viterbo	2071-2100	RCP45	16.01523246
PR95PERC	Viterbo	2071-2100	RCP85	32.70419553
TX30	Agrigento	2011-2040	RCP45	12.11
TX30	Agrigento	2011-2040	RCP85	13.62
TX30	Agrigento	2041-2070	RCP45	29.87
TX30	Agrigento	2041-2070	RCP85	38.56
TX30	Agrigento	2071-2100	RCP45	37.05
TX30	Agrigento	2071-2100	RCP85	63.81
TX30	Alessandria	2011-2040	RCP45	10.78
TX30	Alessandria	2011-2040	RCP85	9.13
TX30	Alessandria	2041-2070	RCP45	30.53
TX30	Alessandria	2041-2070	RCP85	36.84
TX30	Alessandria	2071-2100	RCP45	33.14
TX30	Alessandria	2071-2100	RCP85	63.22
TX30	Ancona	2011-2040	RCP45	9.42
TX30	Ancona	2011-2040	RCP85	10.08
TX30	Ancona	2041-2070	RCP45	25.49
TX30	Ancona	2041-2070	RCP85	31.83
TX30	Ancona	2071-2100	RCP45	30.01
TX30	Ancona	2071-2100	RCP85	57.11
TX30	Aosta	2011-2040	RCP45	0.04
TX30	Aosta	2011-2040	RCP85	0.04
TX30	Aosta	2041-2070	RCP45	0.16
TX30	Aosta	2041-2070	RCP85	0.48
TX30	Aosta	2071-2100	RCP45	0.33
TX30	Aosta	2071-2100	RCP85	4.55
TX30	Arezzo	2011-2040	RCP45	7.52
TX30	Arezzo	2011-2040	RCP85	6.6
TX30	Arezzo	2041-2070	RCP45	24.5
TX30	Arezzo	2041-2070	RCP85	30.27
TX30	Arezzo	2071-2100	RCP45	27.69
TX30	Arezzo	2071-2100	RCP85	56.27
TX30	Ascoli Piceno	2011-2040	RCP45	7.56
TX30	Ascoli Piceno	2011-2040	RCP85	8.34
TX30	Ascoli Piceno	2041-2070	RCP45	21.34
TX30	Ascoli Piceno	2041-2070	RCP85	28.06
TX30	Ascoli Piceno	2071-2100	RCP45	26.81
TX30	Ascoli Piceno	2071-2100	RCP85	55.12
TX30	Asti	2011-2040	RCP45	11.69
TX30	Asti	2011-2040	RCP85	9.21
TX30	Asti	2041-2070	RCP45	33.31
TX30	Asti	2041-2070	RCP85	40.51
TX30	Asti	2071-2100	RCP45	35.89
TX30	Asti	2071-2100	RCP85	68.44
TX30	Avellino	2011-2040	RCP45	7.64
TX30	Avellino	2011-2040	RCP85	8.06
TX30	Avellino	2041-2070	RCP45	24.36
TX30	Avellino	2041-2070	RCP85	30.21
TX30	Avellino	2071-2100	RCP45	29
TX30	Avellino	2071-2100	RCP85	57.31
TX30	Bari	2011-2040	RCP45	9.97
TX30	Bari	2011-2040	RCP85	8.96
TX30	Bari	2041-2070	RCP45	23.4
TX30	Bari	2041-2070	RCP85	29.74
TX30	Bari	2071-2100	RCP45	27.44
TX30	Bari	2071-2100	RCP85	52.37
TX30	Barletta-Andria-Trani	2011-2040	RCP45	9.47
TX30	Barletta-Andria-Trani	2011-2040	RCP85	9.17
TX30	Barletta-Andria-Trani	2041-2070	RCP45	23.66
TX30	Barletta-Andria-Trani	2041-2070	RCP85	30.57
TX30	Barletta-Andria-Trani	2071-2100	RCP45	28.56
TX30	Barletta-Andria-Trani	2071-2100	RCP85	52.82
TX30	Belluno	2011-2040	RCP45	0.16
TX30	Belluno	2011-2040	RCP85	0.15
TX30	Belluno	2041-2070	RCP45	1.19
TX30	Belluno	2041-2070	RCP85	2.37
TX30	Belluno	2071-2100	RCP45	2
TX30	Belluno	2071-2100	RCP85	12.08
TX30	Benevento	2011-2040	RCP45	7.41
TX30	Benevento	2011-2040	RCP85	8.27
TX30	Benevento	2041-2070	RCP45	25.17
TX30	Benevento	2041-2070	RCP85	31.14
TX30	Benevento	2071-2100	RCP45	30.1
TX30	Benevento	2071-2100	RCP85	59.13
TX30	Bergamo	2011-2040	RCP45	4.23
TX30	Bergamo	2011-2040	RCP85	3.39
TX30	Bergamo	2041-2070	RCP45	13.34
TX30	Bergamo	2041-2070	RCP85	17.41
TX30	Bergamo	2071-2100	RCP45	15.57
TX30	Bergamo	2071-2100	RCP85	38.19
TX30	Biella	2011-2040	RCP45	4.77
TX30	Biella	2011-2040	RCP85	3.36
TX30	Biella	2041-2070	RCP45	14.48
TX30	Biella	2041-2070	RCP85	21.29
TX30	Biella	2071-2100	RCP45	18.3
TX30	Biella	2071-2100	RCP85	46.15
TX30	Bologna	2011-2040	RCP45	10.16
TX30	Bologna	2011-2040	RCP85	9.44
TX30	Bologna	2041-2070	RCP45	27.16
TX30	Bologna	2041-2070	RCP85	33.57
TX30	Bologna	2071-2100	RCP45	31.39
TX30	Bologna	2071-2100	RCP85	58.82
TX30	Bolzano	2011-2040	RCP45	0.15
TX30	Bolzano	2011-2040	RCP85	0.17
TX30	Bolzano	2041-2070	RCP45	0.83
TX30	Bolzano	2041-2070	RCP85	1.76
TX30	Bolzano	2071-2100	RCP45	1.55
TX30	Bolzano	2071-2100	RCP85	8.3
TX30	Brescia	2011-2040	RCP45	5.29
TX30	Brescia	2011-2040	RCP85	4.25
TX30	Brescia	2041-2070	RCP45	15.41
TX30	Brescia	2041-2070	RCP85	19.46
TX30	Brescia	2071-2100	RCP45	17.54
TX30	Brescia	2071-2100	RCP85	40.21
TX30	Brindisi	2011-2040	RCP45	9.32
TX30	Brindisi	2011-2040	RCP85	9.18
TX30	Brindisi	2041-2070	RCP45	22.06
TX30	Brindisi	2041-2070	RCP85	28.97
TX30	Brindisi	2071-2100	RCP45	27.3
TX30	Brindisi	2071-2100	RCP85	52.3
TX30	Cagliari	2011-2040	RCP45	10.75
TX30	Cagliari	2011-2040	RCP85	10.65
TX30	Cagliari	2041-2070	RCP45	26.91
TX30	Cagliari	2041-2070	RCP85	35.49
TX30	Cagliari	2071-2100	RCP45	32.21
TX30	Cagliari	2071-2100	RCP85	59.24
TX30	Caltanissetta	2011-2040	RCP45	11.25
TX30	Caltanissetta	2011-2040	RCP85	13.09
TX30	Caltanissetta	2041-2070	RCP45	28.97
TX30	Caltanissetta	2041-2070	RCP85	37.06
TX30	Caltanissetta	2071-2100	RCP45	36.01
TX30	Caltanissetta	2071-2100	RCP85	59.38
TX30	Campobasso	2011-2040	RCP45	8.32
TX30	Campobasso	2011-2040	RCP85	8.56
TX30	Campobasso	2041-2070	RCP45	22.52
TX30	Campobasso	2041-2070	RCP85	28.66
TX30	Campobasso	2071-2100	RCP45	26.96
TX30	Campobasso	2071-2100	RCP85	52.99
TX30	Carbonia-Iglesias	2011-2040	RCP45	10.11
TX30	Carbonia-Iglesias	2011-2040	RCP85	9.8
TX30	Carbonia-Iglesias	2041-2070	RCP45	24.49
TX30	Carbonia-Iglesias	2041-2070	RCP85	33.44
TX30	Carbonia-Iglesias	2071-2100	RCP45	29.95
TX30	Carbonia-Iglesias	2071-2100	RCP85	56.22
TX30	Caserta	2011-2040	RCP45	8.91
TX30	Caserta	2011-2040	RCP85	9.66
TX30	Caserta	2041-2070	RCP45	27.74
TX30	Caserta	2041-2070	RCP85	36
TX30	Caserta	2071-2100	RCP45	34.17
TX30	Caserta	2071-2100	RCP85	65.19
TX30	Catania	2011-2040	RCP45	9.89
TX30	Catania	2011-2040	RCP85	10.43
TX30	Catania	2041-2070	RCP45	24
TX30	Catania	2041-2070	RCP85	32.92
TX30	Catania	2071-2100	RCP45	29.17
TX30	Catania	2071-2100	RCP85	55.52
TX30	Catanzaro	2011-2040	RCP45	8.18
TX30	Catanzaro	2011-2040	RCP85	8.53
TX30	Catanzaro	2041-2070	RCP45	21.46
TX30	Catanzaro	2041-2070	RCP85	29.51
TX30	Catanzaro	2071-2100	RCP45	26.97
TX30	Catanzaro	2071-2100	RCP85	56.48
TX30	Chieti	2011-2040	RCP45	7.11
TX30	Chieti	2011-2040	RCP85	7.44
TX30	Chieti	2041-2070	RCP45	18.84
TX30	Chieti	2041-2070	RCP85	25.45
TX30	Chieti	2071-2100	RCP45	23.53
TX30	Chieti	2071-2100	RCP85	49.77
TX30	Como	2011-2040	RCP45	3.43
TX30	Como	2011-2040	RCP85	2.81
TX30	Como	2041-2070	RCP45	12.2
TX30	Como	2041-2070	RCP85	18.54
TX30	Como	2071-2100	RCP45	16.39
TX30	Como	2071-2100	RCP85	45.05
TX30	Cosenza	2011-2040	RCP45	7.71
TX30	Cosenza	2011-2040	RCP85	7.75
TX30	Cosenza	2041-2070	RCP45	20.62
TX30	Cosenza	2041-2070	RCP85	28.24
TX30	Cosenza	2071-2100	RCP45	26.37
TX30	Cosenza	2071-2100	RCP85	54.97
TX30	Cremona	2011-2040	RCP45	13.25
TX30	Cremona	2011-2040	RCP85	11.5
TX30	Cremona	2041-2070	RCP45	35.17
TX30	Cremona	2041-2070	RCP85	40.45
TX30	Cremona	2071-2100	RCP45	35.92
TX30	Cremona	2071-2100	RCP85	65.05
TX30	Crotone	2011-2040	RCP45	10.44
TX30	Crotone	2011-2040	RCP85	12.3
TX30	Crotone	2041-2070	RCP45	26.51
TX30	Crotone	2041-2070	RCP85	36.07
TX30	Crotone	2071-2100	RCP45	32.4
TX30	Crotone	2071-2100	RCP85	58.65
TX30	Cuneo	2011-2040	RCP45	5.79
TX30	Cuneo	2011-2040	RCP85	4.54
TX30	Cuneo	2041-2070	RCP45	16.73
TX30	Cuneo	2041-2070	RCP85	22.27
TX30	Cuneo	2071-2100	RCP45	19.31
TX30	Cuneo	2071-2100	RCP85	44.36
TX30	Enna	2011-2040	RCP45	10.62
TX30	Enna	2011-2040	RCP85	10.89
TX30	Enna	2041-2070	RCP45	26.16
TX30	Enna	2041-2070	RCP85	33.87
TX30	Enna	2071-2100	RCP45	31.46
TX30	Enna	2071-2100	RCP85	54.94
TX30	Fermo	2011-2040	RCP45	9.06
TX30	Fermo	2011-2040	RCP85	10.44
TX30	Fermo	2041-2070	RCP45	24.5
TX30	Fermo	2041-2070	RCP85	31.57
TX30	Fermo	2071-2100	RCP45	30.06
TX30	Fermo	2071-2100	RCP85	58.74
TX30	Ferrara	2011-2040	RCP45	11.64
TX30	Ferrara	2011-2040	RCP85	11.36
TX30	Ferrara	2041-2070	RCP45	29.49
TX30	Ferrara	2041-2070	RCP85	35.22
TX30	Ferrara	2071-2100	RCP45	33.93
TX30	Ferrara	2071-2100	RCP85	60.93
TX30	Firenze	2011-2040	RCP45	8.28
TX30	Firenze	2011-2040	RCP85	6.96
TX30	Firenze	2041-2070	RCP45	26.09
TX30	Firenze	2041-2070	RCP85	31.87
TX30	Firenze	2071-2100	RCP45	29.41
TX30	Firenze	2071-2100	RCP85	58.41
TX30	Foggia	2011-2040	RCP45	8.89
TX30	Foggia	2011-2040	RCP85	9.51
TX30	Foggia	2041-2070	RCP45	23.48
TX30	Foggia	2041-2070	RCP85	29.43
TX30	Foggia	2071-2100	RCP45	28.11
TX30	Foggia	2071-2100	RCP85	51.16
TX30	Forli'-Cesena	2011-2040	RCP45	7.98
TX30	Forli'-Cesena	2011-2040	RCP85	8.27
TX30	Forli'-Cesena	2041-2070	RCP45	23.04
TX30	Forli'-Cesena	2041-2070	RCP85	29.57
TX30	Forli'-Cesena	2071-2100	RCP45	27.57
TX30	Forli'-Cesena	2071-2100	RCP85	55.98
TX30	Frosinone	2011-2040	RCP45	8.21
TX30	Frosinone	2011-2040	RCP85	7.79
TX30	Frosinone	2041-2070	RCP45	25.2
TX30	Frosinone	2041-2070	RCP85	32.03
TX30	Frosinone	2071-2100	RCP45	30.47
TX30	Frosinone	2071-2100	RCP85	60.58
TX30	Genova	2011-2040	RCP45	3.73
TX30	Genova	2011-2040	RCP85	2.9
TX30	Genova	2041-2070	RCP45	12.53
TX30	Genova	2041-2070	RCP85	17.77
TX30	Genova	2071-2100	RCP45	17.88
TX30	Genova	2071-2100	RCP85	45.15
TX30	Gorizia	2011-2040	RCP45	6.74
TX30	Gorizia	2011-2040	RCP85	6.18
TX30	Gorizia	2041-2070	RCP45	25.23
TX30	Gorizia	2041-2070	RCP85	30.66
TX30	Gorizia	2071-2100	RCP45	30.57
TX30	Gorizia	2071-2100	RCP85	62.87
TX30	Grosseto	2011-2040	RCP45	9.89
TX30	Grosseto	2011-2040	RCP85	9.8
TX30	Grosseto	2041-2070	RCP45	29.85
TX30	Grosseto	2041-2070	RCP85	36.8
TX30	Grosseto	2071-2100	RCP45	34.98
TX30	Grosseto	2071-2100	RCP85	65.77
TX30	Imperia	2011-2040	RCP45	2.89
TX30	Imperia	2011-2040	RCP85	2.27
TX30	Imperia	2041-2070	RCP45	9.43
TX30	Imperia	2041-2070	RCP85	14.26
TX30	Imperia	2071-2100	RCP45	13.99
TX30	Imperia	2071-2100	RCP85	40.72
TX30	Isernia	2011-2040	RCP45	5.12
TX30	Isernia	2011-2040	RCP85	4.98
TX30	Isernia	2041-2070	RCP45	18.36
TX30	Isernia	2041-2070	RCP85	24.36
TX30	Isernia	2071-2100	RCP45	23.73
TX30	Isernia	2071-2100	RCP85	53.64
TX30	L'Aquila	2011-2040	RCP45	3.69
TX30	L'Aquila	2011-2040	RCP85	3.04
TX30	L'Aquila	2041-2070	RCP45	12.68
TX30	L'Aquila	2041-2070	RCP85	18.64
TX30	L'Aquila	2071-2100	RCP45	17.74
TX30	L'Aquila	2071-2100	RCP85	46.25
TX30	La Spezia	2011-2040	RCP45	4.45
TX30	La Spezia	2011-2040	RCP85	3.56
TX30	La Spezia	2041-2070	RCP45	15.18
TX30	La Spezia	2041-2070	RCP85	21.16
TX30	La Spezia	2071-2100	RCP45	21.48
TX30	La Spezia	2071-2100	RCP85	50.31
TX30	Latina	2011-2040	RCP45	8.84
TX30	Latina	2011-2040	RCP85	10.02
TX30	Latina	2041-2070	RCP45	28.14
TX30	Latina	2041-2070	RCP85	36.1
TX30	Latina	2071-2100	RCP45	34.17
TX30	Latina	2071-2100	RCP85	67.73
TX30	Lecce	2011-2040	RCP45	10.44
TX30	Lecce	2011-2040	RCP85	11.61
TX30	Lecce	2041-2070	RCP45	26.08
TX30	Lecce	2041-2070	RCP85	33.41
TX30	Lecce	2071-2100	RCP45	32.01
TX30	Lecce	2071-2100	RCP85	57.51
TX30	Lecco	2011-2040	RCP45	2.17
TX30	Lecco	2011-2040	RCP85	1.64
TX30	Lecco	2041-2070	RCP45	8.28
TX30	Lecco	2041-2070	RCP85	13.63
TX30	Lecco	2071-2100	RCP45	11.74
TX30	Lecco	2071-2100	RCP85	38.14
TX30	Livorno	2011-2040	RCP45	7.85
TX30	Livorno	2011-2040	RCP85	7.55
TX30	Livorno	2041-2070	RCP45	23.63
TX30	Livorno	2041-2070	RCP85	30.48
TX30	Livorno	2071-2100	RCP45	29.32
TX30	Livorno	2071-2100	RCP85	58.92
TX30	Lodi	2011-2040	RCP45	13.18
TX30	Lodi	2011-2040	RCP85	11.62
TX30	Lodi	2041-2070	RCP45	35.27
TX30	Lodi	2041-2070	RCP85	40.66
TX30	Lodi	2071-2100	RCP45	36.37
TX30	Lodi	2071-2100	RCP85	65.57
TX30	Lucca	2011-2040	RCP45	5.12
TX30	Lucca	2011-2040	RCP85	3.79
TX30	Lucca	2041-2070	RCP45	16.67
TX30	Lucca	2041-2070	RCP85	22.7
TX30	Lucca	2071-2100	RCP45	21.85
TX30	Lucca	2071-2100	RCP85	50.59
TX30	Macerata	2011-2040	RCP45	8.05
TX30	Macerata	2011-2040	RCP85	8.28
TX30	Macerata	2041-2070	RCP45	22.29
TX30	Macerata	2041-2070	RCP85	28.26
TX30	Macerata	2071-2100	RCP45	26.74
TX30	Macerata	2071-2100	RCP85	54.22
TX30	Mantova	2011-2040	RCP45	13.14
TX30	Mantova	2011-2040	RCP85	11.11
TX30	Mantova	2041-2070	RCP45	33.85
TX30	Mantova	2041-2070	RCP85	38.49
TX30	Mantova	2071-2100	RCP45	34.94
TX30	Mantova	2071-2100	RCP85	63.58
TX30	Massa Carrara	2011-2040	RCP45	4.17
TX30	Massa Carrara	2011-2040	RCP85	3.04
TX30	Massa Carrara	2041-2070	RCP45	13.79
TX30	Massa Carrara	2041-2070	RCP85	20.14
TX30	Massa Carrara	2071-2100	RCP45	19.95
TX30	Massa Carrara	2071-2100	RCP85	48.61
TX30	Matera	2011-2040	RCP45	11.25
TX30	Matera	2011-2040	RCP85	11.96
TX30	Matera	2041-2070	RCP45	27.16
TX30	Matera	2041-2070	RCP85	34.68
TX30	Matera	2071-2100	RCP45	32.58
TX30	Matera	2071-2100	RCP85	55.13
TX30	Medio Campidano	2011-2040	RCP45	10.25
TX30	Medio Campidano	2011-2040	RCP85	8.62
TX30	Medio Campidano	2041-2070	RCP45	23.64
TX30	Medio Campidano	2041-2070	RCP85	32.56
TX30	Medio Campidano	2071-2100	RCP45	29.54
TX30	Medio Campidano	2071-2100	RCP85	54.37
TX30	Messina	2011-2040	RCP45	6.69
TX30	Messina	2011-2040	RCP85	6.14
TX30	Messina	2041-2070	RCP45	17.34
TX30	Messina	2041-2070	RCP85	25.52
TX30	Messina	2071-2100	RCP45	22.1
TX30	Messina	2071-2100	RCP85	50.62
TX30	Milano	2011-2040	RCP45	12.98
TX30	Milano	2011-2040	RCP85	11.06
TX30	Milano	2041-2070	RCP45	34.8
TX30	Milano	2041-2070	RCP85	40.67
TX30	Milano	2071-2100	RCP45	37.03
TX30	Milano	2071-2100	RCP85	68.57
TX30	Modena	2011-2040	RCP45	9.51
TX30	Modena	2011-2040	RCP85	8.53
TX30	Modena	2041-2070	RCP45	25.2
TX30	Modena	2041-2070	RCP85	31.05
TX30	Modena	2071-2100	RCP45	28.63
TX30	Modena	2071-2100	RCP85	55.9
TX30	Monza e della Brianza	2011-2040	RCP45	10.62
TX30	Monza e della Brianza	2011-2040	RCP85	9.03
TX30	Monza e della Brianza	2041-2070	RCP45	31.74
TX30	Monza e della Brianza	2041-2070	RCP85	38.76
TX30	Monza e della Brianza	2071-2100	RCP45	34.95
TX30	Monza e della Brianza	2071-2100	RCP85	68.36
TX30	Napoli	2011-2040	RCP45	8.44
TX30	Napoli	2011-2040	RCP85	9.65
TX30	Napoli	2041-2070	RCP45	25.95
TX30	Napoli	2041-2070	RCP85	33.98
TX30	Napoli	2071-2100	RCP45	32.23
TX30	Napoli	2071-2100	RCP85	60.93
TX30	Novara	2011-2040	RCP45	10.82
TX30	Novara	2011-2040	RCP85	8.66
TX30	Novara	2041-2070	RCP45	30.29
TX30	Novara	2041-2070	RCP85	37.45
TX30	Novara	2071-2100	RCP45	34.03
TX30	Novara	2071-2100	RCP85	66.49
TX30	Nuoro	2011-2040	RCP45	9.87
TX30	Nuoro	2011-2040	RCP85	9
TX30	Nuoro	2041-2070	RCP45	25.35
TX30	Nuoro	2041-2070	RCP85	33.8
TX30	Nuoro	2071-2100	RCP45	30.26
TX30	Nuoro	2071-2100	RCP85	58.93
TX30	Ogliastra	2011-2040	RCP45	9.04
TX30	Ogliastra	2011-2040	RCP85	8.26
TX30	Ogliastra	2041-2070	RCP45	22.49
TX30	Ogliastra	2041-2070	RCP85	30.88
TX30	Ogliastra	2071-2100	RCP45	27.6
TX30	Ogliastra	2071-2100	RCP85	58.35
TX30	Olbia-Tempio	2011-2040	RCP45	8.7
TX30	Olbia-Tempio	2011-2040	RCP85	8.25
TX30	Olbia-Tempio	2041-2070	RCP45	23.09
TX30	Olbia-Tempio	2041-2070	RCP85	31.26
TX30	Olbia-Tempio	2071-2100	RCP45	27.55
TX30	Olbia-Tempio	2071-2100	RCP85	55.16
TX30	Oristano	2011-2040	RCP45	10.58
TX30	Oristano	2011-2040	RCP85	8.37
TX30	Oristano	2041-2070	RCP45	25.74
TX30	Oristano	2041-2070	RCP85	34.78
TX30	Oristano	2071-2100	RCP45	31.55
TX30	Oristano	2071-2100	RCP85	58.45
TX30	Padova	2011-2040	RCP45	11.09
TX30	Padova	2011-2040	RCP85	10.27
TX30	Padova	2041-2070	RCP45	31.73
TX30	Padova	2041-2070	RCP85	37.26
TX30	Padova	2071-2100	RCP45	35.04
TX30	Padova	2071-2100	RCP85	64.72
TX30	Palermo	2011-2040	RCP45	10.3
TX30	Palermo	2011-2040	RCP85	9.77
TX30	Palermo	2041-2070	RCP45	24.22
TX30	Palermo	2041-2070	RCP85	32.19
TX30	Palermo	2071-2100	RCP45	29.5
TX30	Palermo	2071-2100	RCP85	57.4
TX30	Parma	2011-2040	RCP45	8.13
TX30	Parma	2011-2040	RCP85	6.71
TX30	Parma	2041-2070	RCP45	22.67
TX30	Parma	2041-2070	RCP85	29.04
TX30	Parma	2071-2100	RCP45	25.88
TX30	Parma	2071-2100	RCP85	54.86
TX30	Pavia	2011-2040	RCP45	12.39
TX30	Pavia	2011-2040	RCP85	10.47
TX30	Pavia	2041-2070	RCP45	32.99
TX30	Pavia	2041-2070	RCP85	38.73
TX30	Pavia	2071-2100	RCP45	34.65
TX30	Pavia	2071-2100	RCP85	64.26
TX30	Perugia	2011-2040	RCP45	8.23
TX30	Perugia	2011-2040	RCP85	7.36
TX30	Perugia	2041-2070	RCP45	25.45
TX30	Perugia	2041-2070	RCP85	31.11
TX30	Perugia	2071-2100	RCP45	29.05
TX30	Perugia	2071-2100	RCP85	57.47
TX30	Pesaro e Urbino	2011-2040	RCP45	8.07
TX30	Pesaro e Urbino	2011-2040	RCP85	8.39
TX30	Pesaro e Urbino	2041-2070	RCP45	23.29
TX30	Pesaro e Urbino	2041-2070	RCP85	29.57
TX30	Pesaro e Urbino	2071-2100	RCP45	27.24
TX30	Pesaro e Urbino	2071-2100	RCP85	54.74
TX30	Pescara	2011-2040	RCP45	8.45
TX30	Pescara	2011-2040	RCP85	8.8
TX30	Pescara	2041-2070	RCP45	22.59
TX30	Pescara	2041-2070	RCP85	29.55
TX30	Pescara	2071-2100	RCP45	27.65
TX30	Pescara	2071-2100	RCP85	55.67
TX30	Piacenza	2011-2040	RCP45	9.21
TX30	Piacenza	2011-2040	RCP85	7.73
TX30	Piacenza	2041-2070	RCP45	25.57
TX30	Piacenza	2041-2070	RCP85	31.97
TX30	Piacenza	2071-2100	RCP45	28.44
TX30	Piacenza	2071-2100	RCP85	58.57
TX30	Pisa	2011-2040	RCP45	10.33
TX30	Pisa	2011-2040	RCP85	8.31
TX30	Pisa	2041-2070	RCP45	30.36
TX30	Pisa	2041-2070	RCP85	36.57
TX30	Pisa	2071-2100	RCP45	34.52
TX30	Pisa	2071-2100	RCP85	64.78
TX30	Pistoia	2011-2040	RCP45	6.24
TX30	Pistoia	2011-2040	RCP85	5.01
TX30	Pistoia	2041-2070	RCP45	19.6
TX30	Pistoia	2041-2070	RCP85	25.59
TX30	Pistoia	2071-2100	RCP45	23.91
TX30	Pistoia	2071-2100	RCP85	52.47
TX30	Pordenone	2011-2040	RCP45	3.46
TX30	Pordenone	2011-2040	RCP85	3.05
TX30	Pordenone	2041-2070	RCP45	13.73
TX30	Pordenone	2041-2070	RCP85	17.41
TX30	Pordenone	2071-2100	RCP45	16.85
TX30	Pordenone	2071-2100	RCP85	39.84
TX30	Potenza	2011-2040	RCP45	7.86
TX30	Potenza	2011-2040	RCP85	7.96
TX30	Potenza	2041-2070	RCP45	23.26
TX30	Potenza	2041-2070	RCP85	29.49
TX30	Potenza	2071-2100	RCP45	27.97
TX30	Potenza	2071-2100	RCP85	55.44
TX30	Prato	2011-2040	RCP45	7.36
TX30	Prato	2011-2040	RCP85	6.36
TX30	Prato	2041-2070	RCP45	24.45
TX30	Prato	2041-2070	RCP85	30.58
TX30	Prato	2071-2100	RCP45	28.55
TX30	Prato	2071-2100	RCP85	58.47
TX30	Ragusa	2011-2040	RCP45	12.54
TX30	Ragusa	2011-2040	RCP85	13.79
TX30	Ragusa	2041-2070	RCP45	31.29
TX30	Ragusa	2041-2070	RCP85	40.77
TX30	Ragusa	2071-2100	RCP45	37.91
TX30	Ragusa	2071-2100	RCP85	66.82
TX30	Ravenna	2011-2040	RCP45	10.06
TX30	Ravenna	2011-2040	RCP85	10.42
TX30	Ravenna	2041-2070	RCP45	27.03
TX30	Ravenna	2041-2070	RCP85	33.69
TX30	Ravenna	2071-2100	RCP45	32.18
TX30	Ravenna	2071-2100	RCP85	59.76
TX30	Reggio di Calabria	2011-2040	RCP45	8.24
TX30	Reggio di Calabria	2011-2040	RCP85	8.28
TX30	Reggio di Calabria	2041-2070	RCP45	21.14
TX30	Reggio di Calabria	2041-2070	RCP85	29.62
TX30	Reggio di Calabria	2071-2100	RCP45	26.5
TX30	Reggio di Calabria	2071-2100	RCP85	55.72
TX30	Reggio nell'Emilia	2011-2040	RCP45	9.54
TX30	Reggio nell'Emilia	2011-2040	RCP85	8.27
TX30	Reggio nell'Emilia	2041-2070	RCP45	25.71
TX30	Reggio nell'Emilia	2041-2070	RCP85	31.82
TX30	Reggio nell'Emilia	2071-2100	RCP45	28.76
TX30	Reggio nell'Emilia	2071-2100	RCP85	57.11
TX30	Rieti	2011-2040	RCP45	5.7
TX30	Rieti	2011-2040	RCP85	4.7
TX30	Rieti	2041-2070	RCP45	19.1
TX30	Rieti	2041-2070	RCP85	25.36
TX30	Rieti	2071-2100	RCP45	24.57
TX30	Rieti	2071-2100	RCP85	55.63
TX30	Rimini	2011-2040	RCP45	7.59
TX30	Rimini	2011-2040	RCP85	8.16
TX30	Rimini	2041-2070	RCP45	21.64
TX30	Rimini	2041-2070	RCP85	28.76
TX30	Rimini	2071-2100	RCP45	26.98
TX30	Rimini	2071-2100	RCP85	54.9
TX30	Roma	2011-2040	RCP45	9.83
TX30	Roma	2011-2040	RCP85	9.84
TX30	Roma	2041-2070	RCP45	29.18
TX30	Roma	2041-2070	RCP85	36.8
TX30	Roma	2071-2100	RCP45	34.65
TX30	Roma	2071-2100	RCP85	65.39
TX30	Rovigo	2011-2040	RCP45	10.11
TX30	Rovigo	2011-2040	RCP85	9.77
TX30	Rovigo	2041-2070	RCP45	27.35
TX30	Rovigo	2041-2070	RCP85	32.56
TX30	Rovigo	2071-2100	RCP45	30.68
TX30	Rovigo	2071-2100	RCP85	57.83
TX30	Salerno	2011-2040	RCP45	7.39
TX30	Salerno	2011-2040	RCP85	8.1
TX30	Salerno	2041-2070	RCP45	24.2
TX30	Salerno	2041-2070	RCP85	31.75
TX30	Salerno	2071-2100	RCP45	30.9
TX30	Salerno	2071-2100	RCP85	62.44
TX30	Sassari	2011-2040	RCP45	9.74
TX30	Sassari	2011-2040	RCP85	7.73
TX30	Sassari	2041-2070	RCP45	25
TX30	Sassari	2041-2070	RCP85	32.56
TX30	Sassari	2071-2100	RCP45	29.84
TX30	Sassari	2071-2100	RCP85	56.76
TX30	Savona	2011-2040	RCP45	3.98
TX30	Savona	2011-2040	RCP85	3.46
TX30	Savona	2041-2070	RCP45	14.41
TX30	Savona	2041-2070	RCP85	19.7
TX30	Savona	2071-2100	RCP45	19.73
TX30	Savona	2071-2100	RCP85	46.94
TX30	Siena	2011-2040	RCP45	10.31
TX30	Siena	2011-2040	RCP85	8.98
TX30	Siena	2041-2070	RCP45	30.19
TX30	Siena	2041-2070	RCP85	35.89
TX30	Siena	2071-2100	RCP45	33.24
TX30	Siena	2071-2100	RCP85	60.97
TX30	Siracusa	2011-2040	RCP45	11.63
TX30	Siracusa	2011-2040	RCP85	13.24
TX30	Siracusa	2041-2070	RCP45	27.96
TX30	Siracusa	2041-2070	RCP85	37.64
TX30	Siracusa	2071-2100	RCP45	33.6
TX30	Siracusa	2071-2100	RCP85	57.83
TX30	Sondrio	2011-2040	RCP45	0.08
TX30	Sondrio	2011-2040	RCP85	0.03
TX30	Sondrio	2041-2070	RCP45	0.25
TX30	Sondrio	2041-2070	RCP85	0.66
TX30	Sondrio	2071-2100	RCP45	0.5
TX30	Sondrio	2071-2100	RCP85	6.49
TX30	Taranto	2011-2040	RCP45	10.72
TX30	Taranto	2011-2040	RCP85	11.22
TX30	Taranto	2041-2070	RCP45	26.7
TX30	Taranto	2041-2070	RCP85	33.55
TX30	Taranto	2071-2100	RCP45	31.76
TX30	Taranto	2071-2100	RCP85	56.91
TX30	Teramo	2011-2040	RCP45	6.72
TX30	Teramo	2011-2040	RCP85	7.35
TX30	Teramo	2041-2070	RCP45	19.97
TX30	Teramo	2041-2070	RCP85	26.49
TX30	Teramo	2071-2100	RCP45	25.08
TX30	Teramo	2071-2100	RCP85	53.56
TX30	Terni	2011-2040	RCP45	10.72
TX30	Terni	2011-2040	RCP85	9.26
TX30	Terni	2041-2070	RCP45	30.68
TX30	Terni	2041-2070	RCP85	37
TX30	Terni	2071-2100	RCP45	34.38
TX30	Terni	2071-2100	RCP85	62.81
TX30	Torino	2011-2040	RCP45	5.3
TX30	Torino	2011-2040	RCP85	4.14
TX30	Torino	2041-2070	RCP45	14.3
TX30	Torino	2041-2070	RCP85	18.99
TX30	Torino	2071-2100	RCP45	16.54
TX30	Torino	2071-2100	RCP85	37.73
TX30	Trapani	2011-2040	RCP45	11.98
TX30	Trapani	2011-2040	RCP85	12.5
TX30	Trapani	2041-2070	RCP45	27.54
TX30	Trapani	2041-2070	RCP85	35.36
TX30	Trapani	2071-2100	RCP45	33.66
TX30	Trapani	2071-2100	RCP85	60.64
TX30	Trento	2011-2040	RCP45	0.39
TX30	Trento	2011-2040	RCP85	0.33
TX30	Trento	2041-2070	RCP45	1.91
TX30	Trento	2041-2070	RCP85	3.85
TX30	Trento	2071-2100	RCP45	3.41
TX30	Trento	2071-2100	RCP85	16.07
TX30	Treviso	2011-2040	RCP45	7.12
TX30	Treviso	2011-2040	RCP85	5.99
TX30	Treviso	2041-2070	RCP45	24.73
TX30	Treviso	2041-2070	RCP85	30.13
TX30	Treviso	2071-2100	RCP45	29.43
TX30	Treviso	2071-2100	RCP85	59.86
TX30	Trieste	2011-2040	RCP45	5.41
TX30	Trieste	2011-2040	RCP85	4.78
TX30	Trieste	2041-2070	RCP45	20.62
TX30	Trieste	2041-2070	RCP85	26.04
TX30	Trieste	2071-2100	RCP45	26.2
TX30	Trieste	2071-2100	RCP85	57.66
TX30	Udine	2011-2040	RCP45	3.13
TX30	Udine	2011-2040	RCP85	2.84
TX30	Udine	2041-2070	RCP45	12.44
TX30	Udine	2041-2070	RCP85	16.08
TX30	Udine	2071-2100	RCP45	15.56
TX30	Udine	2071-2100	RCP85	37.69
TX30	Varese	2011-2040	RCP45	8.05
TX30	Varese	2011-2040	RCP85	6.49
TX30	Varese	2041-2070	RCP45	24.6
TX30	Varese	2041-2070	RCP85	32.66
TX30	Varese	2071-2100	RCP45	29.95
TX30	Varese	2071-2100	RCP85	62.39
TX30	Venezia	2011-2040	RCP45	8.59
TX30	Venezia	2011-2040	RCP85	8.04
TX30	Venezia	2041-2070	RCP45	26.64
TX30	Venezia	2041-2070	RCP85	32.36
TX30	Venezia	2071-2100	RCP45	32.5
TX30	Venezia	2071-2100	RCP85	62.55
TX30	Verbano-Cusio-Ossola	2011-2040	RCP45	0.68
TX30	Verbano-Cusio-Ossola	2011-2040	RCP85	0.55
TX30	Verbano-Cusio-Ossola	2041-2070	RCP45	2.56
TX30	Verbano-Cusio-Ossola	2041-2070	RCP85	4.95
TX30	Verbano-Cusio-Ossola	2071-2100	RCP45	4.04
TX30	Verbano-Cusio-Ossola	2071-2100	RCP85	18.11
TX30	Vercelli	2011-2040	RCP45	8.79
TX30	Vercelli	2011-2040	RCP85	6.84
TX30	Vercelli	2041-2070	RCP45	23.53
TX30	Vercelli	2041-2070	RCP85	29.07
TX30	Vercelli	2071-2100	RCP45	26.14
TX30	Vercelli	2071-2100	RCP85	52.79
TX30	Verona	2011-2040	RCP45	8.74
TX30	Verona	2011-2040	RCP85	7.36
TX30	Verona	2041-2070	RCP45	25.42
TX30	Verona	2041-2070	RCP85	30.62
TX30	Verona	2071-2100	RCP45	28.28
TX30	Verona	2071-2100	RCP85	57.84
TX30	Vibo Valentia	2011-2040	RCP45	8.06
TX30	Vibo Valentia	2011-2040	RCP85	6.78
TX30	Vibo Valentia	2041-2070	RCP45	20.24
TX30	Vibo Valentia	2041-2070	RCP85	27.71
TX30	Vibo Valentia	2071-2100	RCP45	25.98
TX30	Vibo Valentia	2071-2100	RCP85	54.86
TX30	Vicenza	2011-2040	RCP45	5.12
TX30	Vicenza	2011-2040	RCP85	4.49
TX30	Vicenza	2041-2070	RCP45	17.32
TX30	Vicenza	2041-2070	RCP85	21.88
TX30	Vicenza	2071-2100	RCP45	20.3
TX30	Vicenza	2071-2100	RCP85	46.16
TX30	Viterbo	2011-2040	RCP45	10.19
TX30	Viterbo	2011-2040	RCP85	9.16
TX30	Viterbo	2041-2070	RCP45	29.79
TX30	Viterbo	2041-2070	RCP85	36.67
TX30	Viterbo	2071-2100	RCP45	34.59
TX30	Viterbo	2071-2100	RCP85	64.84
PRCPTOT	Agrigento	2011-2040	RCP45	-5.411460807
PRCPTOT	Agrigento	2011-2040	RCP85	-0.260598787
PRCPTOT	Agrigento	2041-2070	RCP45	-10.6667583
PRCPTOT	Agrigento	2041-2070	RCP85	-9.865727471
PRCPTOT	Agrigento	2071-2100	RCP45	-6.31944226
PRCPTOT	Agrigento	2071-2100	RCP85	-11.71788165
PRCPTOT	Alessandria	2011-2040	RCP45	-22.26123822
PRCPTOT	Alessandria	2011-2040	RCP85	-9.433577916
PRCPTOT	Alessandria	2041-2070	RCP45	-51.36139814
PRCPTOT	Alessandria	2041-2070	RCP85	-43.45914304
PRCPTOT	Alessandria	2071-2100	RCP45	-32.9842111
PRCPTOT	Alessandria	2071-2100	RCP85	-66.5446224
PRCPTOT	Ancona	2011-2040	RCP45	3.281190185
PRCPTOT	Ancona	2011-2040	RCP85	19.78508317
PRCPTOT	Ancona	2041-2070	RCP45	-27.94860994
PRCPTOT	Ancona	2041-2070	RCP85	-15.88562542
PRCPTOT	Ancona	2071-2100	RCP45	-5.318792764
PRCPTOT	Ancona	2071-2100	RCP85	-35.25933862
PRCPTOT	Aosta	2011-2040	RCP45	-27.33363607
PRCPTOT	Aosta	2011-2040	RCP85	-19.22703542
PRCPTOT	Aosta	2041-2070	RCP45	-63.13171845
PRCPTOT	Aosta	2041-2070	RCP85	-103.9904446
PRCPTOT	Aosta	2071-2100	RCP45	-89.71586557
PRCPTOT	Aosta	2071-2100	RCP85	-184.5682298
PRCPTOT	Arezzo	2011-2040	RCP45	-11.12163362
PRCPTOT	Arezzo	2011-2040	RCP85	5.225488879
PRCPTOT	Arezzo	2041-2070	RCP45	-43.21172528
PRCPTOT	Arezzo	2041-2070	RCP85	-43.66308245
PRCPTOT	Arezzo	2071-2100	RCP45	-22.39109031
PRCPTOT	Arezzo	2071-2100	RCP85	-58.4071968
PRCPTOT	Ascoli Piceno	2011-2040	RCP45	-12.36051955
PRCPTOT	Ascoli Piceno	2011-2040	RCP85	16.05989712
PRCPTOT	Ascoli Piceno	2041-2070	RCP45	-34.78609658
PRCPTOT	Ascoli Piceno	2041-2070	RCP85	-29.49125054
PRCPTOT	Ascoli Piceno	2071-2100	RCP45	-13.43887654
PRCPTOT	Ascoli Piceno	2071-2100	RCP85	-61.2152753
PRCPTOT	Asti	2011-2040	RCP45	-25.92150227
PRCPTOT	Asti	2011-2040	RCP85	-4.778024284
PRCPTOT	Asti	2041-2070	RCP45	-54.93057958
PRCPTOT	Asti	2041-2070	RCP85	-50.57500549
PRCPTOT	Asti	2071-2100	RCP45	-33.73538641
PRCPTOT	Asti	2071-2100	RCP85	-74.21763382
PRCPTOT	Avellino	2011-2040	RCP45	-0.742189652
PRCPTOT	Avellino	2011-2040	RCP85	7.814221389
PRCPTOT	Avellino	2041-2070	RCP45	-17.28965243
PRCPTOT	Avellino	2041-2070	RCP85	-21.55262949
PRCPTOT	Avellino	2071-2100	RCP45	-12.50735857
PRCPTOT	Avellino	2071-2100	RCP85	-28.14094969
PRCPTOT	Bari	2011-2040	RCP45	7.79157659
PRCPTOT	Bari	2011-2040	RCP85	19.91696187
PRCPTOT	Bari	2041-2070	RCP45	-7.884078563
PRCPTOT	Bari	2041-2070	RCP85	-7.054339183
PRCPTOT	Bari	2071-2100	RCP45	7.805556445
PRCPTOT	Bari	2071-2100	RCP85	-12.48090095
PRCPTOT	Barletta-Andria-Trani	2011-2040	RCP45	7.403363584
PRCPTOT	Barletta-Andria-Trani	2011-2040	RCP85	13.75828211
PRCPTOT	Barletta-Andria-Trani	2041-2070	RCP45	-7.092547796
PRCPTOT	Barletta-Andria-Trani	2041-2070	RCP85	-9.988334863
PRCPTOT	Barletta-Andria-Trani	2071-2100	RCP45	5.948209921
PRCPTOT	Barletta-Andria-Trani	2071-2100	RCP85	-15.29900726
PRCPTOT	Belluno	2011-2040	RCP45	-30.08254155
PRCPTOT	Belluno	2011-2040	RCP85	-16.77845713
PRCPTOT	Belluno	2041-2070	RCP45	-131.2193183
PRCPTOT	Belluno	2041-2070	RCP85	-141.2397254
PRCPTOT	Belluno	2071-2100	RCP45	-119.3198501
PRCPTOT	Belluno	2071-2100	RCP85	-229.9809568
PRCPTOT	Benevento	2011-2040	RCP45	-6.61508293
PRCPTOT	Benevento	2011-2040	RCP85	4.828591643
PRCPTOT	Benevento	2041-2070	RCP45	-17.49347468
PRCPTOT	Benevento	2041-2070	RCP85	-23.48091256
PRCPTOT	Benevento	2071-2100	RCP45	-6.917331439
PRCPTOT	Benevento	2071-2100	RCP85	-30.06409815
PRCPTOT	Bergamo	2011-2040	RCP45	-53.31440879
PRCPTOT	Bergamo	2011-2040	RCP85	-32.94707964
PRCPTOT	Bergamo	2041-2070	RCP45	-134.4114374
PRCPTOT	Bergamo	2041-2070	RCP85	-126.992698
PRCPTOT	Bergamo	2071-2100	RCP45	-108.2062572
PRCPTOT	Bergamo	2071-2100	RCP85	-220.3095579
PRCPTOT	Biella	2011-2040	RCP45	-58.13718155
PRCPTOT	Biella	2011-2040	RCP85	1.732618184
PRCPTOT	Biella	2041-2070	RCP45	-134.1086506
PRCPTOT	Biella	2041-2070	RCP85	-152.7121539
PRCPTOT	Biella	2071-2100	RCP45	-134.5976737
PRCPTOT	Biella	2071-2100	RCP85	-237.2361132
PRCPTOT	Bologna	2011-2040	RCP45	-11.73967756
PRCPTOT	Bologna	2011-2040	RCP85	3.014042674
PRCPTOT	Bologna	2041-2070	RCP45	-40.97992887
PRCPTOT	Bologna	2041-2070	RCP85	-44.62118663
PRCPTOT	Bologna	2071-2100	RCP45	-26.1771835
PRCPTOT	Bologna	2071-2100	RCP85	-64.37521271
PRCPTOT	Bolzano	2011-2040	RCP45	-21.75180677
PRCPTOT	Bolzano	2011-2040	RCP85	-9.095354851
PRCPTOT	Bolzano	2041-2070	RCP45	-86.07486038
PRCPTOT	Bolzano	2041-2070	RCP85	-100.4537659
PRCPTOT	Bolzano	2071-2100	RCP45	-81.26323974
PRCPTOT	Bolzano	2071-2100	RCP85	-191.5429049
PRCPTOT	Brescia	2011-2040	RCP45	-41.23502107
PRCPTOT	Brescia	2011-2040	RCP85	-20.64894297
PRCPTOT	Brescia	2041-2070	RCP45	-102.8090495
PRCPTOT	Brescia	2041-2070	RCP85	-98.40431024
PRCPTOT	Brescia	2071-2100	RCP45	-81.35281734
PRCPTOT	Brescia	2071-2100	RCP85	-171.0005638
PRCPTOT	Brindisi	2011-2040	RCP45	5.970283735
PRCPTOT	Brindisi	2011-2040	RCP85	17.67277742
PRCPTOT	Brindisi	2041-2070	RCP45	-3.391177505
PRCPTOT	Brindisi	2041-2070	RCP85	-0.085701047
PRCPTOT	Brindisi	2071-2100	RCP45	6.279904636
PRCPTOT	Brindisi	2071-2100	RCP85	-8.716486521
PRCPTOT	Cagliari	2011-2040	RCP45	-4.440874562
PRCPTOT	Cagliari	2011-2040	RCP85	9.650096736
PRCPTOT	Cagliari	2041-2070	RCP45	-10.09566436
PRCPTOT	Cagliari	2041-2070	RCP85	-9.038833564
PRCPTOT	Cagliari	2071-2100	RCP45	-5.504649806
PRCPTOT	Cagliari	2071-2100	RCP85	-9.759862807
PRCPTOT	Caltanissetta	2011-2040	RCP45	-2.985537756
PRCPTOT	Caltanissetta	2011-2040	RCP85	2.275423093
PRCPTOT	Caltanissetta	2041-2070	RCP45	-8.411421914
PRCPTOT	Caltanissetta	2041-2070	RCP85	-6.711196973
PRCPTOT	Caltanissetta	2071-2100	RCP45	-4.441507386
PRCPTOT	Caltanissetta	2071-2100	RCP85	-9.765326428
PRCPTOT	Campobasso	2011-2040	RCP45	-6.010890367
PRCPTOT	Campobasso	2011-2040	RCP85	11.74646756
PRCPTOT	Campobasso	2041-2070	RCP45	-16.94965676
PRCPTOT	Campobasso	2041-2070	RCP85	-20.47327256
PRCPTOT	Campobasso	2071-2100	RCP45	-7.893050192
PRCPTOT	Campobasso	2071-2100	RCP85	-32.46263373
PRCPTOT	Carbonia-Iglesias	2011-2040	RCP45	-4.230670726
PRCPTOT	Carbonia-Iglesias	2011-2040	RCP85	10.26421045
PRCPTOT	Carbonia-Iglesias	2041-2070	RCP45	-8.312431357
PRCPTOT	Carbonia-Iglesias	2041-2070	RCP85	-8.57252314
PRCPTOT	Carbonia-Iglesias	2071-2100	RCP45	-6.038682279
PRCPTOT	Carbonia-Iglesias	2071-2100	RCP85	-8.673157554
PRCPTOT	Caserta	2011-2040	RCP45	-13.16104928
PRCPTOT	Caserta	2011-2040	RCP85	2.161398291
PRCPTOT	Caserta	2041-2070	RCP45	-23.60122497
PRCPTOT	Caserta	2041-2070	RCP85	-30.06066658
PRCPTOT	Caserta	2071-2100	RCP45	-10.94117942
PRCPTOT	Caserta	2071-2100	RCP85	-35.60426013
PRCPTOT	Catania	2011-2040	RCP45	-3.597458142
PRCPTOT	Catania	2011-2040	RCP85	1.426563371
PRCPTOT	Catania	2041-2070	RCP45	-10.77784285
PRCPTOT	Catania	2041-2070	RCP85	-7.855767204
PRCPTOT	Catania	2071-2100	RCP45	-3.627388472
PRCPTOT	Catania	2071-2100	RCP85	-14.05466433
PRCPTOT	Catanzaro	2011-2040	RCP45	-5.679403527
PRCPTOT	Catanzaro	2011-2040	RCP85	10.21013188
PRCPTOT	Catanzaro	2041-2070	RCP45	-14.40951534
PRCPTOT	Catanzaro	2041-2070	RCP85	-12.13776918
PRCPTOT	Catanzaro	2071-2100	RCP45	-8.972852003
PRCPTOT	Catanzaro	2071-2100	RCP85	-17.50852569
PRCPTOT	Chieti	2011-2040	RCP45	-3.139170075
PRCPTOT	Chieti	2011-2040	RCP85	18.50979664
PRCPTOT	Chieti	2041-2070	RCP45	-16.40656331
PRCPTOT	Chieti	2041-2070	RCP85	-23.7623283
PRCPTOT	Chieti	2071-2100	RCP45	-7.717304164
PRCPTOT	Chieti	2071-2100	RCP85	-47.15868402
PRCPTOT	Como	2011-2040	RCP45	-68.3444253
PRCPTOT	Como	2011-2040	RCP85	-42.28135385
PRCPTOT	Como	2041-2070	RCP45	-137.1875171
PRCPTOT	Como	2041-2070	RCP85	-147.7474643
PRCPTOT	Como	2071-2100	RCP45	-122.2557984
PRCPTOT	Como	2071-2100	RCP85	-236.2328531
PRCPTOT	Cosenza	2011-2040	RCP45	-3.848091123
PRCPTOT	Cosenza	2011-2040	RCP85	5.134753829
PRCPTOT	Cosenza	2041-2070	RCP45	-16.76603198
PRCPTOT	Cosenza	2041-2070	RCP85	-15.28957591
PRCPTOT	Cosenza	2071-2100	RCP45	-11.79745876
PRCPTOT	Cosenza	2071-2100	RCP85	-22.34484428
PRCPTOT	Cremona	2011-2040	RCP45	-27.78789551
PRCPTOT	Cremona	2011-2040	RCP85	-4.444714679
PRCPTOT	Cremona	2041-2070	RCP45	-62.8675495
PRCPTOT	Cremona	2041-2070	RCP85	-60.24144035
PRCPTOT	Cremona	2071-2100	RCP45	-40.50195872
PRCPTOT	Cremona	2071-2100	RCP85	-90.46300566
PRCPTOT	Crotone	2011-2040	RCP45	-0.434971797
PRCPTOT	Crotone	2011-2040	RCP85	12.61280127
PRCPTOT	Crotone	2041-2070	RCP45	-9.276852904
PRCPTOT	Crotone	2041-2070	RCP85	-5.869582858
PRCPTOT	Crotone	2071-2100	RCP45	-3.254246465
PRCPTOT	Crotone	2071-2100	RCP85	-12.62224958
PRCPTOT	Cuneo	2011-2040	RCP45	-58.22677514
PRCPTOT	Cuneo	2011-2040	RCP85	-11.42708817
PRCPTOT	Cuneo	2041-2070	RCP45	-94.38650077
PRCPTOT	Cuneo	2041-2070	RCP85	-104.089075
PRCPTOT	Cuneo	2071-2100	RCP45	-64.88977638
PRCPTOT	Cuneo	2071-2100	RCP85	-156.2848854
PRCPTOT	Enna	2011-2040	RCP45	-2.063769629
PRCPTOT	Enna	2011-2040	RCP85	2.354197273
PRCPTOT	Enna	2041-2070	RCP45	-9.718134291
PRCPTOT	Enna	2041-2070	RCP85	-6.419240173
PRCPTOT	Enna	2071-2100	RCP45	-3.107773289
PRCPTOT	Enna	2071-2100	RCP85	-12.26757639
PRCPTOT	Fermo	2011-2040	RCP45	-3.557496281
PRCPTOT	Fermo	2011-2040	RCP85	19.14061965
PRCPTOT	Fermo	2041-2070	RCP45	-25.41768941
PRCPTOT	Fermo	2041-2070	RCP85	-16.32959122
PRCPTOT	Fermo	2071-2100	RCP45	-6.219821414
PRCPTOT	Fermo	2071-2100	RCP85	-35.72112192
PRCPTOT	Ferrara	2011-2040	RCP45	-19.17528872
PRCPTOT	Ferrara	2011-2040	RCP85	-3.919054959
PRCPTOT	Ferrara	2041-2070	RCP45	-43.2888588
PRCPTOT	Ferrara	2041-2070	RCP85	-43.72564014
PRCPTOT	Ferrara	2071-2100	RCP45	-27.93733753
PRCPTOT	Ferrara	2071-2100	RCP85	-54.61641215
PRCPTOT	Firenze	2011-2040	RCP45	-12.63206335
PRCPTOT	Firenze	2011-2040	RCP85	0.503184924
PRCPTOT	Firenze	2041-2070	RCP45	-43.76381607
PRCPTOT	Firenze	2041-2070	RCP85	-44.96137099
PRCPTOT	Firenze	2071-2100	RCP45	-28.20990754
PRCPTOT	Firenze	2071-2100	RCP85	-57.06329947
PRCPTOT	Foggia	2011-2040	RCP45	4.545346911
PRCPTOT	Foggia	2011-2040	RCP85	13.22567542
PRCPTOT	Foggia	2041-2070	RCP45	-9.843240813
PRCPTOT	Foggia	2041-2070	RCP85	-9.624184464
PRCPTOT	Foggia	2071-2100	RCP45	-2.649277535
PRCPTOT	Foggia	2071-2100	RCP85	-19.20219497
PRCPTOT	Forli'-Cesena	2011-2040	RCP45	-7.640367025
PRCPTOT	Forli'-Cesena	2011-2040	RCP85	3.969775027
PRCPTOT	Forli'-Cesena	2041-2070	RCP45	-39.27064917
PRCPTOT	Forli'-Cesena	2041-2070	RCP85	-35.88531838
PRCPTOT	Forli'-Cesena	2071-2100	RCP45	-21.59302584
PRCPTOT	Forli'-Cesena	2071-2100	RCP85	-57.3567473
PRCPTOT	Frosinone	2011-2040	RCP45	-16.44824829
PRCPTOT	Frosinone	2011-2040	RCP85	5.439862456
PRCPTOT	Frosinone	2041-2070	RCP45	-41.74629481
PRCPTOT	Frosinone	2041-2070	RCP85	-46.37712209
PRCPTOT	Frosinone	2071-2100	RCP45	-29.85712204
PRCPTOT	Frosinone	2071-2100	RCP85	-64.0192925
PRCPTOT	Genova	2011-2040	RCP45	-19.72516174
PRCPTOT	Genova	2011-2040	RCP85	-0.158704863
PRCPTOT	Genova	2041-2070	RCP45	-55.30731312
PRCPTOT	Genova	2041-2070	RCP85	-49.92916215
PRCPTOT	Genova	2071-2100	RCP45	-52.71857166
PRCPTOT	Genova	2071-2100	RCP85	-77.07090938
PRCPTOT	Gorizia	2011-2040	RCP45	-3.345778877
PRCPTOT	Gorizia	2011-2040	RCP85	3.130395476
PRCPTOT	Gorizia	2041-2070	RCP45	-72.38720308
PRCPTOT	Gorizia	2041-2070	RCP85	-65.0714658
PRCPTOT	Gorizia	2071-2100	RCP45	-63.71682002
PRCPTOT	Gorizia	2071-2100	RCP85	-121.0215821
PRCPTOT	Grosseto	2011-2040	RCP45	-9.704027661
PRCPTOT	Grosseto	2011-2040	RCP85	5.43761205
PRCPTOT	Grosseto	2041-2070	RCP45	-26.73371665
PRCPTOT	Grosseto	2041-2070	RCP85	-26.14267448
PRCPTOT	Grosseto	2071-2100	RCP45	-17.45095384
PRCPTOT	Grosseto	2071-2100	RCP85	-35.35520572
PRCPTOT	Imperia	2011-2040	RCP45	-35.89447354
PRCPTOT	Imperia	2011-2040	RCP85	-14.1998326
PRCPTOT	Imperia	2041-2070	RCP45	-66.67491067
PRCPTOT	Imperia	2041-2070	RCP85	-66.01071545
PRCPTOT	Imperia	2071-2100	RCP45	-56.84080824
PRCPTOT	Imperia	2071-2100	RCP85	-92.45088181
PRCPTOT	Isernia	2011-2040	RCP45	-16.66117873
PRCPTOT	Isernia	2011-2040	RCP85	7.699338169
PRCPTOT	Isernia	2041-2070	RCP45	-32.53195937
PRCPTOT	Isernia	2041-2070	RCP85	-39.91991519
PRCPTOT	Isernia	2071-2100	RCP45	-21.40683061
PRCPTOT	Isernia	2071-2100	RCP85	-54.28910756
PRCPTOT	L'Aquila	2011-2040	RCP45	-13.08768187
PRCPTOT	L'Aquila	2011-2040	RCP85	15.15897456
PRCPTOT	L'Aquila	2041-2070	RCP45	-33.62888691
PRCPTOT	L'Aquila	2041-2070	RCP85	-39.76492249
PRCPTOT	L'Aquila	2071-2100	RCP45	-23.37685284
PRCPTOT	L'Aquila	2071-2100	RCP85	-70.25103635
PRCPTOT	La Spezia	2011-2040	RCP45	-2.779965391
PRCPTOT	La Spezia	2011-2040	RCP85	20.55707523
PRCPTOT	La Spezia	2041-2070	RCP45	-46.38352241
PRCPTOT	La Spezia	2041-2070	RCP85	-43.1867047
PRCPTOT	La Spezia	2071-2100	RCP45	-49.11357021
PRCPTOT	La Spezia	2071-2100	RCP85	-73.04700544
PRCPTOT	Latina	2011-2040	RCP45	-13.95728304
PRCPTOT	Latina	2011-2040	RCP85	1.09350756
PRCPTOT	Latina	2041-2070	RCP45	-27.23902547
PRCPTOT	Latina	2041-2070	RCP85	-30.74814346
PRCPTOT	Latina	2071-2100	RCP45	-14.84549019
PRCPTOT	Latina	2071-2100	RCP85	-39.03133582
PRCPTOT	Lecce	2011-2040	RCP45	2.926155752
PRCPTOT	Lecce	2011-2040	RCP85	14.18314336
PRCPTOT	Lecce	2041-2070	RCP45	-3.506020925
PRCPTOT	Lecce	2041-2070	RCP85	-1.33935649
PRCPTOT	Lecce	2071-2100	RCP45	2.851954605
PRCPTOT	Lecce	2071-2100	RCP85	-7.075409119
PRCPTOT	Lecco	2011-2040	RCP45	-56.13953564
PRCPTOT	Lecco	2011-2040	RCP85	-36.99672821
PRCPTOT	Lecco	2041-2070	RCP45	-128.5005438
PRCPTOT	Lecco	2041-2070	RCP85	-133.9823651
PRCPTOT	Lecco	2071-2100	RCP45	-106.9794704
PRCPTOT	Lecco	2071-2100	RCP85	-224.073865
PRCPTOT	Livorno	2011-2040	RCP45	-7.363952218
PRCPTOT	Livorno	2011-2040	RCP85	7.843953629
PRCPTOT	Livorno	2041-2070	RCP45	-18.33334865
PRCPTOT	Livorno	2041-2070	RCP85	-18.12580243
PRCPTOT	Livorno	2071-2100	RCP45	-13.48802545
PRCPTOT	Livorno	2071-2100	RCP85	-29.21693573
PRCPTOT	Lodi	2011-2040	RCP45	-29.23613671
PRCPTOT	Lodi	2011-2040	RCP85	-8.209962415
PRCPTOT	Lodi	2041-2070	RCP45	-62.99951944
PRCPTOT	Lodi	2041-2070	RCP85	-65.09863859
PRCPTOT	Lodi	2071-2100	RCP45	-41.26955659
PRCPTOT	Lodi	2071-2100	RCP85	-91.31933269
PRCPTOT	Lucca	2011-2040	RCP45	-3.340717808
PRCPTOT	Lucca	2011-2040	RCP85	21.03321964
PRCPTOT	Lucca	2041-2070	RCP45	-46.26114375
PRCPTOT	Lucca	2041-2070	RCP85	-46.49541436
PRCPTOT	Lucca	2071-2100	RCP45	-37.0269418
PRCPTOT	Lucca	2071-2100	RCP85	-69.74701987
PRCPTOT	Macerata	2011-2040	RCP45	-2.956104228
PRCPTOT	Macerata	2011-2040	RCP85	21.77548658
PRCPTOT	Macerata	2041-2070	RCP45	-31.66186376
PRCPTOT	Macerata	2041-2070	RCP85	-20.80984298
PRCPTOT	Macerata	2071-2100	RCP45	-6.842788129
PRCPTOT	Macerata	2071-2100	RCP85	-46.7513896
PRCPTOT	Mantova	2011-2040	RCP45	-34.0080296
PRCPTOT	Mantova	2011-2040	RCP85	-7.032390391
PRCPTOT	Mantova	2041-2070	RCP45	-61.77468725
PRCPTOT	Mantova	2041-2070	RCP85	-55.82649141
PRCPTOT	Mantova	2071-2100	RCP45	-44.68581581
PRCPTOT	Mantova	2071-2100	RCP85	-84.65433718
PRCPTOT	Massa Carrara	2011-2040	RCP45	-2.216363799
PRCPTOT	Massa Carrara	2011-2040	RCP85	16.19705103
PRCPTOT	Massa Carrara	2041-2070	RCP45	-51.04791965
PRCPTOT	Massa Carrara	2041-2070	RCP85	-50.61923719
PRCPTOT	Massa Carrara	2071-2100	RCP45	-47.47134301
PRCPTOT	Massa Carrara	2071-2100	RCP85	-79.74912766
PRCPTOT	Matera	2011-2040	RCP45	0.45410054
PRCPTOT	Matera	2011-2040	RCP85	12.41911464
PRCPTOT	Matera	2041-2070	RCP45	-7.694009616
PRCPTOT	Matera	2041-2070	RCP85	-10.87734839
PRCPTOT	Matera	2071-2100	RCP45	-3.29484491
PRCPTOT	Matera	2071-2100	RCP85	-13.17150534
PRCPTOT	Medio Campidano	2011-2040	RCP45	-0.034724191
PRCPTOT	Medio Campidano	2011-2040	RCP85	10.48731068
PRCPTOT	Medio Campidano	2041-2070	RCP45	-6.187927366
PRCPTOT	Medio Campidano	2041-2070	RCP85	-4.701846464
PRCPTOT	Medio Campidano	2071-2100	RCP45	-2.599088615
PRCPTOT	Medio Campidano	2071-2100	RCP85	-7.18951617
PRCPTOT	Messina	2011-2040	RCP45	-1.567527777
PRCPTOT	Messina	2011-2040	RCP85	3.647995543
PRCPTOT	Messina	2041-2070	RCP45	-9.005176599
PRCPTOT	Messina	2041-2070	RCP85	-8.895190107
PRCPTOT	Messina	2071-2100	RCP45	-2.337731751
PRCPTOT	Messina	2071-2100	RCP85	-10.95468181
PRCPTOT	Milano	2011-2040	RCP45	-28.61994068
PRCPTOT	Milano	2011-2040	RCP85	-10.28305783
PRCPTOT	Milano	2041-2070	RCP45	-81.58232798
PRCPTOT	Milano	2041-2070	RCP85	-81.40808297
PRCPTOT	Milano	2071-2100	RCP45	-53.56481263
PRCPTOT	Milano	2071-2100	RCP85	-118.6836734
PRCPTOT	Modena	2011-2040	RCP45	-18.49329584
PRCPTOT	Modena	2011-2040	RCP85	1.869979592
PRCPTOT	Modena	2041-2070	RCP45	-50.08382514
PRCPTOT	Modena	2041-2070	RCP85	-55.07884261
PRCPTOT	Modena	2071-2100	RCP45	-31.03187528
PRCPTOT	Modena	2071-2100	RCP85	-74.23149605
PRCPTOT	Monza e della Brianza	2011-2040	RCP45	-38.87839359
PRCPTOT	Monza e della Brianza	2011-2040	RCP85	-29.17927575
PRCPTOT	Monza e della Brianza	2041-2070	RCP45	-106.4676384
PRCPTOT	Monza e della Brianza	2041-2070	RCP85	-112.6028885
PRCPTOT	Monza e della Brianza	2071-2100	RCP45	-79.09445365
PRCPTOT	Monza e della Brianza	2071-2100	RCP85	-166.3166656
PRCPTOT	Napoli	2011-2040	RCP45	-4.966337981
PRCPTOT	Napoli	2011-2040	RCP85	2.1211515
PRCPTOT	Napoli	2041-2070	RCP45	-14.76015071
PRCPTOT	Napoli	2041-2070	RCP85	-18.39586417
PRCPTOT	Napoli	2071-2100	RCP45	-7.273017189
PRCPTOT	Napoli	2071-2100	RCP85	-22.1926126
PRCPTOT	Novara	2011-2040	RCP45	-38.95342487
PRCPTOT	Novara	2011-2040	RCP85	-5.317486878
PRCPTOT	Novara	2041-2070	RCP45	-93.13566568
PRCPTOT	Novara	2041-2070	RCP85	-91.28380716
PRCPTOT	Novara	2071-2100	RCP45	-71.21233704
PRCPTOT	Novara	2071-2100	RCP85	-147.2405353
PRCPTOT	Nuoro	2011-2040	RCP45	-4.145049832
PRCPTOT	Nuoro	2011-2040	RCP85	10.59354063
PRCPTOT	Nuoro	2041-2070	RCP45	-10.9671355
PRCPTOT	Nuoro	2041-2070	RCP85	-8.461047383
PRCPTOT	Nuoro	2071-2100	RCP45	-3.510369242
PRCPTOT	Nuoro	2071-2100	RCP85	-13.2554298
PRCPTOT	Ogliastra	2011-2040	RCP45	-5.061535993
PRCPTOT	Ogliastra	2011-2040	RCP85	9.408486323
PRCPTOT	Ogliastra	2041-2070	RCP45	-14.37049326
PRCPTOT	Ogliastra	2041-2070	RCP85	-11.00814215
PRCPTOT	Ogliastra	2071-2100	RCP45	-6.850485047
PRCPTOT	Ogliastra	2071-2100	RCP85	-17.6013746
PRCPTOT	Olbia-Tempio	2011-2040	RCP45	-4.474524694
PRCPTOT	Olbia-Tempio	2011-2040	RCP85	8.418653867
PRCPTOT	Olbia-Tempio	2041-2070	RCP45	-9.579200747
PRCPTOT	Olbia-Tempio	2041-2070	RCP85	-8.223391041
PRCPTOT	Olbia-Tempio	2071-2100	RCP45	-4.475300714
PRCPTOT	Olbia-Tempio	2071-2100	RCP85	-12.6541986
PRCPTOT	Oristano	2011-2040	RCP45	-2.174752813
PRCPTOT	Oristano	2011-2040	RCP85	8.620104622
PRCPTOT	Oristano	2041-2070	RCP45	-11.44591666
PRCPTOT	Oristano	2041-2070	RCP85	-8.522466373
PRCPTOT	Oristano	2071-2100	RCP45	-4.631691955
PRCPTOT	Oristano	2071-2100	RCP85	-12.31288703
PRCPTOT	Padova	2011-2040	RCP45	-18.77328768
PRCPTOT	Padova	2011-2040	RCP85	-8.178078469
PRCPTOT	Padova	2041-2070	RCP45	-61.4594355
PRCPTOT	Padova	2041-2070	RCP85	-55.82025647
PRCPTOT	Padova	2071-2100	RCP45	-40.58157999
PRCPTOT	Padova	2071-2100	RCP85	-81.08098853
PRCPTOT	Palermo	2011-2040	RCP45	-2.542238491
PRCPTOT	Palermo	2011-2040	RCP85	0.019160682
PRCPTOT	Palermo	2041-2070	RCP45	-10.65210749
PRCPTOT	Palermo	2041-2070	RCP85	-10.77485768
PRCPTOT	Palermo	2071-2100	RCP45	-5.57970826
PRCPTOT	Palermo	2071-2100	RCP85	-11.44718195
PRCPTOT	Parma	2011-2040	RCP45	-32.44073214
PRCPTOT	Parma	2011-2040	RCP85	1.389985277
PRCPTOT	Parma	2041-2070	RCP45	-59.15359341
PRCPTOT	Parma	2041-2070	RCP85	-64.81516342
PRCPTOT	Parma	2071-2100	RCP45	-35.66547495
PRCPTOT	Parma	2071-2100	RCP85	-81.9133373
PRCPTOT	Pavia	2011-2040	RCP45	-28.2397683
PRCPTOT	Pavia	2011-2040	RCP85	-12.50577846
PRCPTOT	Pavia	2041-2070	RCP45	-60.47315682
PRCPTOT	Pavia	2041-2070	RCP85	-58.98833106
PRCPTOT	Pavia	2071-2100	RCP45	-40.18608929
PRCPTOT	Pavia	2071-2100	RCP85	-85.5495478
PRCPTOT	Perugia	2011-2040	RCP45	-0.944715114
PRCPTOT	Perugia	2011-2040	RCP85	13.17451007
PRCPTOT	Perugia	2041-2070	RCP45	-30.79087734
PRCPTOT	Perugia	2041-2070	RCP85	-26.57644824
PRCPTOT	Perugia	2071-2100	RCP45	-11.38957732
PRCPTOT	Perugia	2071-2100	RCP85	-48.65343716
PRCPTOT	Pesaro e Urbino	2011-2040	RCP45	-3.159503282
PRCPTOT	Pesaro e Urbino	2011-2040	RCP85	13.80141075
PRCPTOT	Pesaro e Urbino	2041-2070	RCP45	-35.44240392
PRCPTOT	Pesaro e Urbino	2041-2070	RCP85	-25.55692176
PRCPTOT	Pesaro e Urbino	2071-2100	RCP45	-10.44479092
PRCPTOT	Pesaro e Urbino	2071-2100	RCP85	-48.16154912
PRCPTOT	Pescara	2011-2040	RCP45	-4.261763916
PRCPTOT	Pescara	2011-2040	RCP85	24.04963265
PRCPTOT	Pescara	2041-2070	RCP45	-19.82763795
PRCPTOT	Pescara	2041-2070	RCP85	-20.5895257
PRCPTOT	Pescara	2071-2100	RCP45	-4.24482953
PRCPTOT	Pescara	2071-2100	RCP85	-49.43692349
PRCPTOT	Piacenza	2011-2040	RCP45	-37.29615668
PRCPTOT	Piacenza	2011-2040	RCP85	-14.49924401
PRCPTOT	Piacenza	2041-2070	RCP45	-63.73392319
PRCPTOT	Piacenza	2041-2070	RCP85	-65.86285541
PRCPTOT	Piacenza	2071-2100	RCP45	-44.05396621
PRCPTOT	Piacenza	2071-2100	RCP85	-93.02057656
PRCPTOT	Pisa	2011-2040	RCP45	-5.313165013
PRCPTOT	Pisa	2011-2040	RCP85	8.749663102
PRCPTOT	Pisa	2041-2070	RCP45	-27.64261057
PRCPTOT	Pisa	2041-2070	RCP85	-24.96180428
PRCPTOT	Pisa	2071-2100	RCP45	-18.45507065
PRCPTOT	Pisa	2071-2100	RCP85	-40.18364081
PRCPTOT	Pistoia	2011-2040	RCP45	-9.368770112
PRCPTOT	Pistoia	2011-2040	RCP85	8.953470954
PRCPTOT	Pistoia	2041-2070	RCP45	-48.05896711
PRCPTOT	Pistoia	2041-2070	RCP85	-48.23944485
PRCPTOT	Pistoia	2071-2100	RCP45	-34.86280213
PRCPTOT	Pistoia	2071-2100	RCP85	-68.26207655
PRCPTOT	Pordenone	2011-2040	RCP45	-37.76387475
PRCPTOT	Pordenone	2011-2040	RCP85	-32.20422566
PRCPTOT	Pordenone	2041-2070	RCP45	-146.728183
PRCPTOT	Pordenone	2041-2070	RCP85	-144.2547958
PRCPTOT	Pordenone	2071-2100	RCP45	-134.4356813
PRCPTOT	Pordenone	2071-2100	RCP85	-225.9035137
PRCPTOT	Potenza	2011-2040	RCP45	-0.197349752
PRCPTOT	Potenza	2011-2040	RCP85	4.786065992
PRCPTOT	Potenza	2041-2070	RCP45	-16.88838015
PRCPTOT	Potenza	2041-2070	RCP85	-21.08186327
PRCPTOT	Potenza	2071-2100	RCP45	-10.54194852
PRCPTOT	Potenza	2071-2100	RCP85	-25.55760108
PRCPTOT	Prato	2011-2040	RCP45	-9.863358676
PRCPTOT	Prato	2011-2040	RCP85	1.683224117
PRCPTOT	Prato	2041-2070	RCP45	-41.96322813
PRCPTOT	Prato	2041-2070	RCP85	-42.68340761
PRCPTOT	Prato	2071-2100	RCP45	-29.29519029
PRCPTOT	Prato	2071-2100	RCP85	-56.62635536
PRCPTOT	Ragusa	2011-2040	RCP45	-2.356734566
PRCPTOT	Ragusa	2011-2040	RCP85	1.171286476
PRCPTOT	Ragusa	2041-2070	RCP45	-6.601636618
PRCPTOT	Ragusa	2041-2070	RCP85	-5.739296803
PRCPTOT	Ragusa	2071-2100	RCP45	-4.336402444
PRCPTOT	Ragusa	2071-2100	RCP85	-9.427929168
PRCPTOT	Ravenna	2011-2040	RCP45	-5.081769674
PRCPTOT	Ravenna	2011-2040	RCP85	4.774327295
PRCPTOT	Ravenna	2041-2070	RCP45	-30.35170368
PRCPTOT	Ravenna	2041-2070	RCP85	-30.10185577
PRCPTOT	Ravenna	2071-2100	RCP45	-19.5699313
PRCPTOT	Ravenna	2071-2100	RCP85	-47.6172704
PRCPTOT	Reggio di Calabria	2011-2040	RCP45	-1.703968326
PRCPTOT	Reggio di Calabria	2011-2040	RCP85	6.948187379
PRCPTOT	Reggio di Calabria	2041-2070	RCP45	-11.65568734
PRCPTOT	Reggio di Calabria	2041-2070	RCP85	-5.489232744
PRCPTOT	Reggio di Calabria	2071-2100	RCP45	-3.863902013
PRCPTOT	Reggio di Calabria	2071-2100	RCP85	-14.12285134
PRCPTOT	Reggio nell'Emilia	2011-2040	RCP45	-29.60736814
PRCPTOT	Reggio nell'Emilia	2011-2040	RCP85	3.778990337
PRCPTOT	Reggio nell'Emilia	2041-2070	RCP45	-56.29234007
PRCPTOT	Reggio nell'Emilia	2041-2070	RCP85	-62.95956952
PRCPTOT	Reggio nell'Emilia	2071-2100	RCP45	-36.99450443
PRCPTOT	Reggio nell'Emilia	2071-2100	RCP85	-81.25224134
PRCPTOT	Rieti	2011-2040	RCP45	-11.18966145
PRCPTOT	Rieti	2011-2040	RCP85	12.16410061
PRCPTOT	Rieti	2041-2070	RCP45	-37.86449631
PRCPTOT	Rieti	2041-2070	RCP85	-38.33042213
PRCPTOT	Rieti	2071-2100	RCP45	-27.86105103
PRCPTOT	Rieti	2071-2100	RCP85	-70.03612271
PRCPTOT	Rimini	2011-2040	RCP45	-10.27431179
PRCPTOT	Rimini	2011-2040	RCP85	6.300439741
PRCPTOT	Rimini	2041-2070	RCP45	-37.47109591
PRCPTOT	Rimini	2041-2070	RCP85	-29.84752501
PRCPTOT	Rimini	2071-2100	RCP45	-16.33459525
PRCPTOT	Rimini	2071-2100	RCP85	-52.38832958
PRCPTOT	Roma	2011-2040	RCP45	-8.517279928
PRCPTOT	Roma	2011-2040	RCP85	7.173497199
PRCPTOT	Roma	2041-2070	RCP45	-23.61292263
PRCPTOT	Roma	2041-2070	RCP85	-27.52856222
PRCPTOT	Roma	2071-2100	RCP45	-16.23631828
PRCPTOT	Roma	2071-2100	RCP85	-41.65062109
PRCPTOT	Rovigo	2011-2040	RCP45	-18.86460952
PRCPTOT	Rovigo	2011-2040	RCP85	-4.413295155
PRCPTOT	Rovigo	2041-2070	RCP45	-43.98554484
PRCPTOT	Rovigo	2041-2070	RCP85	-46.35415069
PRCPTOT	Rovigo	2071-2100	RCP45	-24.72596071
PRCPTOT	Rovigo	2071-2100	RCP85	-58.40103135
PRCPTOT	Salerno	2011-2040	RCP45	-3.966208602
PRCPTOT	Salerno	2011-2040	RCP85	2.175253434
PRCPTOT	Salerno	2041-2070	RCP45	-25.31160076
PRCPTOT	Salerno	2041-2070	RCP85	-26.20869194
PRCPTOT	Salerno	2071-2100	RCP45	-19.53131096
PRCPTOT	Salerno	2071-2100	RCP85	-33.09921669
PRCPTOT	Sassari	2011-2040	RCP45	-5.887430405
PRCPTOT	Sassari	2011-2040	RCP85	8.656511142
PRCPTOT	Sassari	2041-2070	RCP45	-9.549884168
PRCPTOT	Sassari	2041-2070	RCP85	-8.867001497
PRCPTOT	Sassari	2071-2100	RCP45	-6.115824518
PRCPTOT	Sassari	2071-2100	RCP85	-13.31344656
PRCPTOT	Savona	2011-2040	RCP45	-29.05694329
PRCPTOT	Savona	2011-2040	RCP85	-6.370941981
PRCPTOT	Savona	2041-2070	RCP45	-51.30090959
PRCPTOT	Savona	2041-2070	RCP85	-47.96981477
PRCPTOT	Savona	2071-2100	RCP45	-39.3705688
PRCPTOT	Savona	2071-2100	RCP85	-66.57869436
PRCPTOT	Siena	2011-2040	RCP45	-5.856563531
PRCPTOT	Siena	2011-2040	RCP85	9.937173596
PRCPTOT	Siena	2041-2070	RCP45	-27.89013381
PRCPTOT	Siena	2041-2070	RCP85	-27.97297413
PRCPTOT	Siena	2071-2100	RCP45	-12.32432773
PRCPTOT	Siena	2071-2100	RCP85	-37.45193234
PRCPTOT	Siracusa	2011-2040	RCP45	-1.995432589
PRCPTOT	Siracusa	2011-2040	RCP85	0.614255389
PRCPTOT	Siracusa	2041-2070	RCP45	-6.368353149
PRCPTOT	Siracusa	2041-2070	RCP85	-2.734754497
PRCPTOT	Siracusa	2071-2100	RCP45	-0.547470372
PRCPTOT	Siracusa	2071-2100	RCP85	-9.061500983
PRCPTOT	Sondrio	2011-2040	RCP45	-52.19238016
PRCPTOT	Sondrio	2011-2040	RCP85	-25.6801379
PRCPTOT	Sondrio	2041-2070	RCP45	-103.281119
PRCPTOT	Sondrio	2041-2070	RCP85	-120.4053576
PRCPTOT	Sondrio	2071-2100	RCP45	-111.5427588
PRCPTOT	Sondrio	2071-2100	RCP85	-237.06924
PRCPTOT	Taranto	2011-2040	RCP45	5.445778079
PRCPTOT	Taranto	2011-2040	RCP85	15.27526204
PRCPTOT	Taranto	2041-2070	RCP45	-5.379494171
PRCPTOT	Taranto	2041-2070	RCP85	-6.344102803
PRCPTOT	Taranto	2071-2100	RCP45	0.730606328
PRCPTOT	Taranto	2071-2100	RCP85	-10.87664418
PRCPTOT	Teramo	2011-2040	RCP45	-12.14609973
PRCPTOT	Teramo	2011-2040	RCP85	21.85611105
PRCPTOT	Teramo	2041-2070	RCP45	-29.24957621
PRCPTOT	Teramo	2041-2070	RCP85	-30.85076116
PRCPTOT	Teramo	2071-2100	RCP45	-12.18167395
PRCPTOT	Teramo	2071-2100	RCP85	-65.38754187
PRCPTOT	Terni	2011-2040	RCP45	-4.374426333
PRCPTOT	Terni	2011-2040	RCP85	13.35978819
PRCPTOT	Terni	2041-2070	RCP45	-25.55036811
PRCPTOT	Terni	2041-2070	RCP85	-23.69774895
PRCPTOT	Terni	2071-2100	RCP45	-13.70787137
PRCPTOT	Terni	2071-2100	RCP85	-42.00474179
PRCPTOT	Torino	2011-2040	RCP45	-49.0271645
PRCPTOT	Torino	2011-2040	RCP85	-11.92588087
PRCPTOT	Torino	2041-2070	RCP45	-89.24687064
PRCPTOT	Torino	2041-2070	RCP85	-108.6523416
PRCPTOT	Torino	2071-2100	RCP45	-89.29357959
PRCPTOT	Torino	2071-2100	RCP85	-178.4204675
PRCPTOT	Trapani	2011-2040	RCP45	-4.472058204
PRCPTOT	Trapani	2011-2040	RCP85	-2.001724091
PRCPTOT	Trapani	2041-2070	RCP45	-8.989393703
PRCPTOT	Trapani	2041-2070	RCP85	-8.832622424
PRCPTOT	Trapani	2071-2100	RCP45	-6.051893624
PRCPTOT	Trapani	2071-2100	RCP85	-11.15067604
PRCPTOT	Trento	2011-2040	RCP45	-36.89849322
PRCPTOT	Trento	2011-2040	RCP85	-17.88315098
PRCPTOT	Trento	2041-2070	RCP45	-106.53523
PRCPTOT	Trento	2041-2070	RCP85	-116.7145171
PRCPTOT	Trento	2071-2100	RCP45	-96.56181843
PRCPTOT	Trento	2071-2100	RCP85	-205.2045502
PRCPTOT	Treviso	2011-2040	RCP45	-23.25039553
PRCPTOT	Treviso	2011-2040	RCP85	-13.61494808
PRCPTOT	Treviso	2041-2070	RCP45	-101.8880716
PRCPTOT	Treviso	2041-2070	RCP85	-100.7407813
PRCPTOT	Treviso	2071-2100	RCP45	-81.64999148
PRCPTOT	Treviso	2071-2100	RCP85	-142.7406903
PRCPTOT	Trieste	2011-2040	RCP45	-6.828011484
PRCPTOT	Trieste	2011-2040	RCP85	-2.910005647
PRCPTOT	Trieste	2041-2070	RCP45	-75.74960308
PRCPTOT	Trieste	2041-2070	RCP85	-66.52997182
PRCPTOT	Trieste	2071-2100	RCP45	-67.33453471
PRCPTOT	Trieste	2071-2100	RCP85	-116.8322875
PRCPTOT	Udine	2011-2040	RCP45	-18.51222484
PRCPTOT	Udine	2011-2040	RCP85	-7.44402697
PRCPTOT	Udine	2041-2070	RCP45	-118.6222278
PRCPTOT	Udine	2041-2070	RCP85	-122.8278494
PRCPTOT	Udine	2071-2100	RCP45	-111.1084553
PRCPTOT	Udine	2071-2100	RCP85	-196.497107
PRCPTOT	Varese	2011-2040	RCP45	-51.44581301
PRCPTOT	Varese	2011-2040	RCP85	-18.51355788
PRCPTOT	Varese	2041-2070	RCP45	-118.0837071
PRCPTOT	Varese	2041-2070	RCP85	-121.0961436
PRCPTOT	Varese	2071-2100	RCP45	-102.2464091
PRCPTOT	Varese	2071-2100	RCP85	-199.6065065
PRCPTOT	Venezia	2011-2040	RCP45	-12.2132747
PRCPTOT	Venezia	2011-2040	RCP85	-5.409772125
PRCPTOT	Venezia	2041-2070	RCP45	-56.42751768
PRCPTOT	Venezia	2041-2070	RCP85	-53.7896191
PRCPTOT	Venezia	2071-2100	RCP45	-41.59339337
PRCPTOT	Venezia	2071-2100	RCP85	-79.85946519
PRCPTOT	Verbano-Cusio-Ossola	2011-2040	RCP45	-81.74698712
PRCPTOT	Verbano-Cusio-Ossola	2011-2040	RCP85	-36.93344745
PRCPTOT	Verbano-Cusio-Ossola	2041-2070	RCP45	-151.9250205
PRCPTOT	Verbano-Cusio-Ossola	2041-2070	RCP85	-179.6227189
PRCPTOT	Verbano-Cusio-Ossola	2071-2100	RCP45	-178.2736175
PRCPTOT	Verbano-Cusio-Ossola	2071-2100	RCP85	-316.889424
PRCPTOT	Vercelli	2011-2040	RCP45	-48.10242981
PRCPTOT	Vercelli	2011-2040	RCP85	-5.091542479
PRCPTOT	Vercelli	2041-2070	RCP45	-113.3571956
PRCPTOT	Vercelli	2041-2070	RCP85	-120.9208517
PRCPTOT	Vercelli	2071-2100	RCP45	-104.8723542
PRCPTOT	Vercelli	2071-2100	RCP85	-191.1160151
PRCPTOT	Verona	2011-2040	RCP45	-34.97587666
PRCPTOT	Verona	2011-2040	RCP85	-16.10227717
PRCPTOT	Verona	2041-2070	RCP45	-77.09746942
PRCPTOT	Verona	2041-2070	RCP85	-75.00665763
PRCPTOT	Verona	2071-2100	RCP45	-62.62183627
PRCPTOT	Verona	2071-2100	RCP85	-117.1433927
PRCPTOT	Vibo Valentia	2011-2040	RCP45	-1.964249731
PRCPTOT	Vibo Valentia	2011-2040	RCP85	10.89528735
PRCPTOT	Vibo Valentia	2041-2070	RCP45	-9.649210806
PRCPTOT	Vibo Valentia	2041-2070	RCP85	-10.03500635
PRCPTOT	Vibo Valentia	2071-2100	RCP45	-6.938023182
PRCPTOT	Vibo Valentia	2071-2100	RCP85	-13.87609622
PRCPTOT	Vicenza	2011-2040	RCP45	-37.01401099
PRCPTOT	Vicenza	2011-2040	RCP85	-24.27214519
PRCPTOT	Vicenza	2041-2070	RCP45	-120.5805012
PRCPTOT	Vicenza	2041-2070	RCP85	-124.0179132
PRCPTOT	Vicenza	2071-2100	RCP45	-94.59866162
PRCPTOT	Vicenza	2071-2100	RCP85	-180.9397682
PRCPTOT	Viterbo	2011-2040	RCP45	-10.29171462
PRCPTOT	Viterbo	2011-2040	RCP85	8.803992068
PRCPTOT	Viterbo	2041-2070	RCP45	-21.50762645
PRCPTOT	Viterbo	2041-2070	RCP85	-22.7106955
PRCPTOT	Viterbo	2071-2100	RCP45	-13.62567701
PRCPTOT	Viterbo	2071-2100	RCP85	-37.08316037
